05-20 23:03:06.658   908   921 I TestRunner: started: sameAudio_reportsNoPrewarmVsPrewarmedSpinnerTime(dev.anchildress1.vestige.ForegroundSpinnerTimingSmokeTest)
05-20 23:03:06.696   908   922 D VestigeLiteRtLm: Loading /data/local/tmp/gemma-4-E4B-it.litertlm backend=GPU audio=CPU vision=off maxTokens=4096 speculativeDecoding=on sampler=topK=1,topP=1.0,temp=0.0,seed=42
05-20 23:03:06.697   908   922 E ldress1.vestige: No implementation found for void com.google.ai.edge.litertlm.NativeLibraryLoader.nativeCheckLoaded() (tried Java_com_google_ai_edge_litertlm_NativeLibraryLoader_nativeCheckLoaded and Java_com_google_ai_edge_litertlm_NativeLibraryLoader_nativeCheckLoaded__) - is the library loaded, e.g. System.loadLibrary?
05-20 23:03:06.701   908   922 D nativeloader: Load /data/app/~~PnOuo9zKw3FtlTOnUC66Nw==/dev.anchildress1.vestige-7b9lVnNHw-MN0qJJAA-UhA==/base.apk!/lib/arm64-v8a/liblitertlm_jni.so using class loader ns clns-9 (caller=/data/app/~~PnOuo9zKw3FtlTOnUC66Nw==/dev.anchildress1.vestige-7b9lVnNHw-MN0qJJAA-UhA==/base.apk!classes14.dex): ok
05-20 23:03:06.702   908   922 I native  : I0000 00:00:1779332586.702386     922 litert_lm_loader.cc:183] LitertLmLoader::Initialize
05-20 23:03:06.702   908   922 I native  : I0000 00:00:1779332586.702654     922 litert_lm_loader.cc:206] mmap_status is ok
05-20 23:03:06.702   908   922 I native  : I0000 00:00:1779332586.702745     922 litert_lm_loader.cc:211] status: OK
05-20 23:03:06.702   908   922 I native  : I0000 00:00:1779332586.702783     922 litert_lm_loader.cc:212] major_version: 1
05-20 23:03:06.702   908   922 I native  : I0000 00:00:1779332586.702845     922 litert_lm_loader.cc:213] minor_version: 5
05-20 23:03:06.702   908   922 I native  : I0000 00:00:1779332586.702885     922 litert_lm_loader.cc:214] patch_version: 0
05-20 23:03:06.702   908   922 I native  : I0000 00:00:1779332586.702941     922 litert_lm_loader.cc:247] section_index: 0
05-20 23:03:06.702   908   922 I native  : I0000 00:00:1779332586.702984     922 litert_lm_loader.cc:248] section_data_type: LlmMetadataProto
05-20 23:03:06.703   908   922 I native  : I0000 00:00:1779332586.703019     922 litert_lm_loader.cc:250] section_begin_offset: 16384
05-20 23:03:06.703   908   922 I native  : I0000 00:00:1779332586.703057     922 litert_lm_loader.cc:251] section_end_offset: 28576
05-20 23:03:06.703   908   922 I native  : I0000 00:00:1779332586.703091     922 litert_lm_loader.cc:247] section_index: 1
05-20 23:03:06.703   908   922 I native  : I0000 00:00:1779332586.703137     922 litert_lm_loader.cc:248] section_data_type: SP_Tokenizer
05-20 23:03:06.703   908   922 I native  : I0000 00:00:1779332586.703179     922 litert_lm_loader.cc:250] section_begin_offset: 32768
05-20 23:03:06.703   908   922 I native  : I0000 00:00:1779332586.703215     922 litert_lm_loader.cc:251] section_end_offset: 4721781
05-20 23:03:06.703   908   922 I native  : I0000 00:00:1779332586.703266     922 litert_lm_loader.cc:100] model_type: tf_lite_embedder
05-20 23:03:06.703   908   922 I native  : I0000 00:00:1779332586.703298     922 litert_lm_loader.cc:247] section_index: 2
05-20 23:03:06.703   908   922 I native  : I0000 00:00:1779332586.703337     922 litert_lm_loader.cc:248] section_data_type: TFLiteModel
05-20 23:03:06.703   908   922 I native  : I0000 00:00:1779332586.703361     922 litert_lm_loader.cc:250] section_begin_offset: 4734976
05-20 23:03:06.703   908   922 I native  : I0000 00:00:1779332586.703405     922 litert_lm_loader.cc:251] section_end_offset: 175655560
05-20 23:03:06.703   908   922 I native  : I0000 00:00:1779332586.703432     922 litert_lm_loader.cc:100] model_type: tf_lite_per_layer_embedder
05-20 23:03:06.703   908   922 I native  : I0000 00:00:1779332586.703468     922 litert_lm_loader.cc:247] section_index: 3
05-20 23:03:06.703   908   922 I native  : I0000 00:00:1779332586.703496     922 litert_lm_loader.cc:248] section_data_type: TFLiteModel
05-20 23:03:06.703   908   922 I native  : I0000 00:00:1779332586.703516     922 litert_lm_loader.cc:250] section_begin_offset: 175669248
05-20 23:03:06.703   908   922 I native  : I0000 00:00:1779332586.703534     922 litert_lm_loader.cc:251] section_end_offset: 1012447760
05-20 23:03:06.703   908   922 I native  : I0000 00:00:1779332586.703566     922 litert_lm_loader.cc:100] model_type: tf_lite_audio_encoder_hw
05-20 23:03:06.703   908   922 I native  : I0000 00:00:1779332586.703594     922 litert_lm_loader.cc:230] section_backend_constraint: cpu
05-20 23:03:06.703   908   922 I native  : I0000 00:00:1779332586.703640     922 litert_lm_loader.cc:247] section_index: 4
05-20 23:03:06.703   908   922 I native  : I0000 00:00:1779332586.703688     922 litert_lm_loader.cc:248] section_data_type: TFLiteModel
05-20 23:03:06.703   908   922 I native  : I0000 00:00:1779332586.703725     922 litert_lm_loader.cc:250] section_begin_offset: 1012449280
05-20 23:03:06.703   908   922 I native  : I0000 00:00:1779332586.703769     922 litert_lm_loader.cc:251] section_end_offset: 1106501560
05-20 23:03:06.703   908   922 I native  : I0000 00:00:1779332586.703813     922 litert_lm_loader.cc:100] model_type: tf_lite_audio_adapter
05-20 23:03:06.703   908   922 I native  : I0000 00:00:1779332586.703856     922 litert_lm_loader.cc:230] section_backend_constraint: cpu
05-20 23:03:06.703   908   922 I native  : I0000 00:00:1779332586.703889     922 litert_lm_loader.cc:247] section_index: 5
05-20 23:03:06.703   908   922 I native  : I0000 00:00:1779332586.703911     922 litert_lm_loader.cc:248] section_data_type: TFLiteModel
05-20 23:03:06.703   908   922 I native  : I0000 00:00:1779332586.703931     922 litert_lm_loader.cc:250] section_begin_offset: 1106509824
05-20 23:03:06.703   908   922 I native  : I0000 00:00:1779332586.703954     922 litert_lm_loader.cc:251] section_end_offset: 1122242524
05-20 23:03:06.703   908   922 I native  : I0000 00:00:1779332586.703987     922 litert_lm_loader.cc:100] model_type: tf_lite_end_of_audio
05-20 23:03:06.704   908   922 I native  : I0000 00:00:1779332586.704014     922 litert_lm_loader.cc:247] section_index: 6
05-20 23:03:06.704   908   922 I native  : I0000 00:00:1779332586.704057     922 litert_lm_loader.cc:248] section_data_type: TFLiteModel
05-20 23:03:06.704   908   922 I native  : I0000 00:00:1779332586.704093     922 litert_lm_loader.cc:250] section_begin_offset: 1122254848
05-20 23:03:06.704   908   922 I native  : I0000 00:00:1779332586.704146     922 litert_lm_loader.cc:251] section_end_offset: 1122265716
05-20 23:03:06.704   908   922 I native  : I0000 00:00:1779332586.704189     922 litert_lm_loader.cc:100] model_type: tf_lite_vision_encoder
05-20 23:03:06.704   908   922 I native  : I0000 00:00:1779332586.704316     922 litert_lm_loader.cc:234] section_prefer_activation_type: fp16
05-20 23:03:06.704   908   922 I native  : I0000 00:00:1779332586.704358     922 litert_lm_loader.cc:247] section_index: 7
05-20 23:03:06.704   908   922 I native  : I0000 00:00:1779332586.704405     922 litert_lm_loader.cc:248] section_data_type: TFLiteModel
05-20 23:03:06.704   908   922 I native  : I0000 00:00:1779332586.704455     922 litert_lm_loader.cc:250] section_begin_offset: 1122271232
05-20 23:03:06.704   908   922 I native  : I0000 00:00:1779332586.704507     922 litert_lm_loader.cc:251] section_end_offset: 1346409168
05-20 23:03:06.704   908   922 I native  : I0000 00:00:1779332586.704555     922 litert_lm_loader.cc:100] model_type: tf_lite_vision_adapter
05-20 23:03:06.704   908   922 I native  : I0000 00:00:1779332586.704606     922 litert_lm_loader.cc:230] section_backend_constraint: cpu
05-20 23:03:06.704   908   922 I native  : I0000 00:00:1779332586.704644     922 litert_lm_loader.cc:247] section_index: 8
05-20 23:03:06.704   908   922 I native  : I0000 00:00:1779332586.704677     922 litert_lm_loader.cc:248] section_data_type: TFLiteModel
05-20 23:03:06.704   908   922 I native  : I0000 00:00:1779332586.704713     922 litert_lm_loader.cc:250] section_begin_offset: 1346420736
05-20 23:03:06.704   908   922 I native  : I0000 00:00:1779332586.704745     922 litert_lm_loader.cc:251] section_end_offset: 1354309392
05-20 23:03:06.704   908   922 I native  : I0000 00:00:1779332586.704767     922 litert_lm_loader.cc:100] model_type: tf_lite_end_of_vision
05-20 23:03:06.704   908   922 I native  : I0000 00:00:1779332586.704793     922 litert_lm_loader.cc:247] section_index: 9
05-20 23:03:06.704   908   922 I native  : I0000 00:00:1779332586.704836     922 litert_lm_loader.cc:248] section_data_type: TFLiteModel
05-20 23:03:06.704   908   922 I native  : I0000 00:00:1779332586.704873     922 litert_lm_loader.cc:250] section_begin_offset: 1354317824
05-20 23:03:06.704   908   922 I native  : I0000 00:00:1779332586.704910     922 litert_lm_loader.cc:251] section_end_offset: 1354328692
05-20 23:03:06.704   908   922 I native  : I0000 00:00:1779332586.704950     922 litert_lm_loader.cc:100] model_type: tf_lite_prefill_decode
05-20 23:03:06.704   908   922 I native  : I0000 00:00:1779332586.704980     922 litert_lm_loader.cc:234] section_prefer_activation_type: fp16
05-20 23:03:06.705   908   922 I native  : I0000 00:00:1779332586.705006     922 litert_lm_loader.cc:247] section_index: 10
05-20 23:03:06.705   908   922 I native  : I0000 00:00:1779332586.705042     922 litert_lm_loader.cc:248] section_data_type: TFLiteModel
05-20 23:03:06.705   908   922 I native  : I0000 00:00:1779332586.705087     922 litert_lm_loader.cc:250] section_begin_offset: 1354334208
05-20 23:03:06.705   908   922 I native  : I0000 00:00:1779332586.705136     922 litert_lm_loader.cc:251] section_end_offset: 3614377584
05-20 23:03:06.705   908   922 I native  : I0000 00:00:1779332586.705181     922 litert_lm_loader.cc:100] model_type: tf_lite_mtp_drafter
05-20 23:03:06.705   908   922 I native  : I0000 00:00:1779332586.705225     922 litert_lm_loader.cc:247] section_index: 11
05-20 23:03:06.705   908   922 I native  : I0000 00:00:1779332586.705271     922 litert_lm_loader.cc:248] section_data_type: TFLiteModel
05-20 23:03:06.705   908   922 I native  : I0000 00:00:1779332586.705313     922 litert_lm_loader.cc:250] section_begin_offset: 3614392320
05-20 23:03:06.705   908   922 I native  : I0000 00:00:1779332586.705341     922 litert_lm_loader.cc:251] section_end_offset: 3659518480
05-20 23:03:06.705   908   922 I native  : I0000 00:00:1779332586.705472     922 litert_lm_loader.cc:183] LitertLmLoader::Initialize
05-20 23:03:06.705   908   922 I native  : I0000 00:00:1779332586.705550     922 litert_lm_loader.cc:206] mmap_status is ok
05-20 23:03:06.705   908   922 I native  : I0000 00:00:1779332586.705605     922 litert_lm_loader.cc:211] status: OK
05-20 23:03:06.705   908   922 I native  : I0000 00:00:1779332586.705643     922 litert_lm_loader.cc:212] major_version: 1
05-20 23:03:06.705   908   922 I native  : I0000 00:00:1779332586.705690     922 litert_lm_loader.cc:213] minor_version: 5
05-20 23:03:06.705   908   922 I native  : I0000 00:00:1779332586.705735     922 litert_lm_loader.cc:214] patch_version: 0
05-20 23:03:06.705   908   922 I native  : I0000 00:00:1779332586.705779     922 litert_lm_loader.cc:247] section_index: 0
05-20 23:03:06.705   908   922 I native  : I0000 00:00:1779332586.705808     922 litert_lm_loader.cc:248] section_data_type: LlmMetadataProto
05-20 23:03:06.705   908   922 I native  : I0000 00:00:1779332586.705862     922 litert_lm_loader.cc:250] section_begin_offset: 16384
05-20 23:03:06.705   908   922 I native  : I0000 00:00:1779332586.705910     922 litert_lm_loader.cc:251] section_end_offset: 28576
05-20 23:03:06.705   908   922 I native  : I0000 00:00:1779332586.705972     922 litert_lm_loader.cc:247] section_index: 1
05-20 23:03:06.706   908   922 I native  : I0000 00:00:1779332586.706023     922 litert_lm_loader.cc:248] section_data_type: SP_Tokenizer
05-20 23:03:06.706   908   922 I native  : I0000 00:00:1779332586.706051     922 litert_lm_loader.cc:250] section_begin_offset: 32768
05-20 23:03:06.706   908   922 I native  : I0000 00:00:1779332586.706070     922 litert_lm_loader.cc:251] section_end_offset: 4721781
05-20 23:03:06.706   908   922 I native  : I0000 00:00:1779332586.706103     922 litert_lm_loader.cc:100] model_type: tf_lite_embedder
05-20 23:03:06.706   908   922 I native  : I0000 00:00:1779332586.706141     922 litert_lm_loader.cc:247] section_index: 2
05-20 23:03:06.706   908   922 I native  : I0000 00:00:1779332586.706180     922 litert_lm_loader.cc:248] section_data_type: TFLiteModel
05-20 23:03:06.706   908   922 I native  : I0000 00:00:1779332586.706217     922 litert_lm_loader.cc:250] section_begin_offset: 4734976
05-20 23:03:06.706   908   922 I native  : I0000 00:00:1779332586.706252     922 litert_lm_loader.cc:251] section_end_offset: 175655560
05-20 23:03:06.706   908   922 I native  : I0000 00:00:1779332586.706293     922 litert_lm_loader.cc:100] model_type: tf_lite_per_layer_embedder
05-20 23:03:06.706   908   922 I native  : I0000 00:00:1779332586.706331     922 litert_lm_loader.cc:247] section_index: 3
05-20 23:03:06.706   908   922 I native  : I0000 00:00:1779332586.706365     922 litert_lm_loader.cc:248] section_data_type: TFLiteModel
05-20 23:03:06.706   908   922 I native  : I0000 00:00:1779332586.706391     922 litert_lm_loader.cc:250] section_begin_offset: 175669248
05-20 23:03:06.706   908   922 I native  : I0000 00:00:1779332586.706425     922 litert_lm_loader.cc:251] section_end_offset: 1012447760
05-20 23:03:06.706   908   922 I native  : I0000 00:00:1779332586.706454     922 litert_lm_loader.cc:100] model_type: tf_lite_audio_encoder_hw
05-20 23:03:06.706   908   922 I native  : I0000 00:00:1779332586.706486     922 litert_lm_loader.cc:230] section_backend_constraint: cpu
05-20 23:03:06.706   908   922 I native  : I0000 00:00:1779332586.706516     922 litert_lm_loader.cc:247] section_index: 4
05-20 23:03:06.706   908   922 I native  : I0000 00:00:1779332586.706553     922 litert_lm_loader.cc:248] section_data_type: TFLiteModel
05-20 23:03:06.706   908   922 I native  : I0000 00:00:1779332586.706578     922 litert_lm_loader.cc:250] section_begin_offset: 1012449280
05-20 23:03:06.706   908   922 I native  : I0000 00:00:1779332586.706600     922 litert_lm_loader.cc:251] section_end_offset: 1106501560
05-20 23:03:06.706   908   922 I native  : I0000 00:00:1779332586.706629     922 litert_lm_loader.cc:100] model_type: tf_lite_audio_adapter
05-20 23:03:06.706   908   922 I native  : I0000 00:00:1779332586.706656     922 litert_lm_loader.cc:230] section_backend_constraint: cpu
05-20 23:03:06.706   908   922 I native  : I0000 00:00:1779332586.706676     922 litert_lm_loader.cc:247] section_index: 5
05-20 23:03:06.706   908   922 I native  : I0000 00:00:1779332586.706706     922 litert_lm_loader.cc:248] section_data_type: TFLiteModel
05-20 23:03:06.706   908   922 I native  : I0000 00:00:1779332586.706739     922 litert_lm_loader.cc:250] section_begin_offset: 1106509824
05-20 23:03:06.706   908   922 I native  : I0000 00:00:1779332586.706770     922 litert_lm_loader.cc:251] section_end_offset: 1122242524
05-20 23:03:06.706   908   922 I native  : I0000 00:00:1779332586.706798     922 litert_lm_loader.cc:100] model_type: tf_lite_end_of_audio
05-20 23:03:06.706   908   922 I native  : I0000 00:00:1779332586.706827     922 litert_lm_loader.cc:247] section_index: 6
05-20 23:03:06.706   908   922 I native  : I0000 00:00:1779332586.706857     922 litert_lm_loader.cc:248] section_data_type: TFLiteModel
05-20 23:03:06.706   908   922 I native  : I0000 00:00:1779332586.706883     922 litert_lm_loader.cc:250] section_begin_offset: 1122254848
05-20 23:03:06.706   908   922 I native  : I0000 00:00:1779332586.706914     922 litert_lm_loader.cc:251] section_end_offset: 1122265716
05-20 23:03:06.706   908   922 I native  : I0000 00:00:1779332586.706941     922 litert_lm_loader.cc:100] model_type: tf_lite_vision_encoder
05-20 23:03:06.706   908   922 I native  : I0000 00:00:1779332586.706960     922 litert_lm_loader.cc:234] section_prefer_activation_type: fp16
05-20 23:03:06.706   908   922 I native  : I0000 00:00:1779332586.706978     922 litert_lm_loader.cc:247] section_index: 7
05-20 23:03:06.707   908   922 I native  : I0000 00:00:1779332586.707011     922 litert_lm_loader.cc:248] section_data_type: TFLiteModel
05-20 23:03:06.707   908   922 I native  : I0000 00:00:1779332586.707047     922 litert_lm_loader.cc:250] section_begin_offset: 1122271232
05-20 23:03:06.707   908   922 I native  : I0000 00:00:1779332586.707075     922 litert_lm_loader.cc:251] section_end_offset: 1346409168
05-20 23:03:06.707   908   922 I native  : I0000 00:00:1779332586.707096     922 litert_lm_loader.cc:100] model_type: tf_lite_vision_adapter
05-20 23:03:06.707   908   922 I native  : I0000 00:00:1779332586.707113     922 litert_lm_loader.cc:230] section_backend_constraint: cpu
05-20 23:03:06.707   908   922 I native  : I0000 00:00:1779332586.707158     922 litert_lm_loader.cc:247] section_index: 8
05-20 23:03:06.707   908   922 I native  : I0000 00:00:1779332586.707195     922 litert_lm_loader.cc:248] section_data_type: TFLiteModel
05-20 23:03:06.707   908   922 I native  : I0000 00:00:1779332586.707222     922 litert_lm_loader.cc:250] section_begin_offset: 1346420736
05-20 23:03:06.707   908   922 I native  : I0000 00:00:1779332586.707269     922 litert_lm_loader.cc:251] section_end_offset: 1354309392
05-20 23:03:06.707   908   922 I native  : I0000 00:00:1779332586.707318     922 litert_lm_loader.cc:100] model_type: tf_lite_end_of_vision
05-20 23:03:06.707   908   922 I native  : I0000 00:00:1779332586.707363     922 litert_lm_loader.cc:247] section_index: 9
05-20 23:03:06.707   908   922 I native  : I0000 00:00:1779332586.707394     922 litert_lm_loader.cc:248] section_data_type: TFLiteModel
05-20 23:03:06.707   908   922 I native  : I0000 00:00:1779332586.707414     922 litert_lm_loader.cc:250] section_begin_offset: 1354317824
05-20 23:03:06.707   908   922 I native  : I0000 00:00:1779332586.707432     922 litert_lm_loader.cc:251] section_end_offset: 1354328692
05-20 23:03:06.707   908   922 I native  : I0000 00:00:1779332586.707449     922 litert_lm_loader.cc:100] model_type: tf_lite_prefill_decode
05-20 23:03:06.707   908   922 I native  : I0000 00:00:1779332586.707483     922 litert_lm_loader.cc:234] section_prefer_activation_type: fp16
05-20 23:03:06.707   908   922 I native  : I0000 00:00:1779332586.707516     922 litert_lm_loader.cc:247] section_index: 10
05-20 23:03:06.707   908   922 I native  : I0000 00:00:1779332586.707540     922 litert_lm_loader.cc:248] section_data_type: TFLiteModel
05-20 23:03:06.707   908   922 I native  : I0000 00:00:1779332586.707558     922 litert_lm_loader.cc:250] section_begin_offset: 1354334208
05-20 23:03:06.707   908   922 I native  : I0000 00:00:1779332586.707583     922 litert_lm_loader.cc:251] section_end_offset: 3614377584
05-20 23:03:06.707   908   922 I native  : I0000 00:00:1779332586.707614     922 litert_lm_loader.cc:100] model_type: tf_lite_mtp_drafter
05-20 23:03:06.707   908   922 I native  : I0000 00:00:1779332586.707639     922 litert_lm_loader.cc:247] section_index: 11
05-20 23:03:06.707   908   922 I native  : I0000 00:00:1779332586.707665     922 litert_lm_loader.cc:248] section_data_type: TFLiteModel
05-20 23:03:06.707   908   922 I native  : I0000 00:00:1779332586.707707     922 litert_lm_loader.cc:250] section_begin_offset: 3614392320
05-20 23:03:06.707   908   922 I native  : I0000 00:00:1779332586.707735     922 litert_lm_loader.cc:251] section_end_offset: 3659518480
05-20 23:03:06.708   908   922 I native  : I0000 00:00:1779332586.708181     922 engine_impl.cc:336] New model files have LlmModelType, loading tokenizer asynchronously
05-20 23:03:06.708   908   922 I native  : I0000 00:00:1779332586.708387     922 engine_settings.cc:101] The Main backend constraint is not set.
05-20 23:03:06.708   908   922 I native  : I0000 00:00:1779332586.708450     922 engine_settings.cc:98] The Audio backend constraint is matched: CPU
05-20 23:03:06.708   908   922 I native  : I0000 00:00:1779332586.708505     922 engine_settings.cc:433] The validated engine settings: EngineSettings:
05-20 23:03:06.708   908   922 I native  :   MainExecutorSettings: backend: GPU
05-20 23:03:06.708   908   922 I native  : backend_config:
05-20 23:03:06.708   908   922 I native  : max_top_k: 1
05-20 23:03:06.708   908   922 I native  :
05-20 23:03:06.708   908   922 I native  : max_tokens: 4096
05-20 23:03:06.708   908   922 I native  : activation_data_type: FLOAT16
05-20 23:03:06.708   908   922 I native  : max_num_images: 0
05-20 23:03:06.708   908   922 I native  : lora_rank: 0
05-20 23:03:06.708   908   922 I native  : cache_dir: /data/user/0/dev.anchildress1.vestige/cache
05-20 23:03:06.708   908   922 I native  : cache_file: Not set
05-20 23:03:06.708   908   922 I native  : litert_dispatch_lib_dir: Not set
05-20 23:03:06.708   908   922 I native  : model_assets: model_path: /data/local/tmp/gemma-4-E4B-it.litertlm
05-20 23:03:06.708   908   922 I native  : fake_weights_mode: FAKE_WEIGHTS_NONE
05-20 23:03:06.708   908   922 I native  :
05-20 23:03:06.708   908   922 I native  : advanced_settings: prefill_batch_sizes: []
05-20 23:03:06.708   908   922 I native  : num_output_candidates: 1
05-20 23:03:06.708   908   922 I native  : configure_magic_numbers: true
05-20 23:03:06.708   908   922 I native  : verify_magic_numbers: false
05-20 23:03:06.708   908   922 I native  : clear_kv_cache_before_prefill: true
05-20 23:03:06.708   908   922 I native  : num_logits_to_print_after_decode: 0
05-20 23:03:06.708   908   922 I native  : gpu_madvise_original_shared_tensors: true
05-20 23:03:06.708   908   922 I native  : is_benchmark: false
05-20 23:03:06.708   908   922 I native  : preferred_device_substr:
05-20 23:03:06.708   908   922 I native  : num_threads_to_upload: -1
05-20 23:03:06.708   908   922 I native  : num_threads_to_compile: -1
05-20 23:03:06.708   908   922 I native  : convert_weights_on_gpu: true
05-20 23:03:06.708   908   922 I native  : wait_for_weights_conversion_complete_in_benchmark: true
05-20 23:03:06.708   908   922 I native  : optimize_shader_compilation: true
05-20 23:03:06.708   908   922 I native  : cache_compiled_shaders_only: false
05-20 23:03:06.708   908   922 I native  : share_constant_tensors: true
05-20 23:03:06.708   908   922 I native  : sampler_handles_input: true
05-20 23:03:06.708   908   922 I native  : allow_src_quantized_fc_conv_ops: true
05-20 23:03:06.708   908   922 I native  : hint_waiting_for_completion: false
05-20 23:03:06.708   908   922 I native  : gpu_context_low_priority: Not set
05-20 23:03:06.708   908   922 I native  : enable_speculative_decoding: true
05-20 23:03:06.708   908   922 I native  : disable_delegate_clustering: true
05-20 23:03:06.708   908   922 I native  : hint_kernel_batch_size: Not set
05-20 23:03:06.708   908   922 I native  :
05-20 23:03:06.708   908   922 I native  :   LlmMetadata: MessageLite at 0x6d1f599f28  BenchmarkParams: Not set
05-20 23:03:06.708   908   922 I native  :   VisionExecutorSettings: Not set
05-20 23:03:06.708   908   922 I native  :   AudioExecutorSettings: AudioExecutorSettings:
05-20 23:03:06.708   908   922 I native  : ModelAssets: model_path: /data/local/tmp/gemma-4-E4B-it.litertlm
05-20 23:03:06.708   908   922 I native  : fake_weights_mode: FAKE_WEIGHTS_NONE
05-20 23:03:06.708   908   922 I native  :
05-20 23:03:06.708   908   922 I native  : MaxSequenceLength: 4096
05-20 23:03:06.708   908   922 I native  : Backend: CPU
05-20 23:03:06.708   908   922 I native  : BundledWithMainModel: true
05-20 23:03:06.708   908   922 I native  : NumThreads(CPU only): 4
05-20 23:03:06.708   908   922 I native  : AudioStreamingEnabled: false
05-20 23:03:06.708   908   922 I native  :   ParallelFileSectionLoading: true
05-20 23:03:06.708   908   922 I native  :   SingleThreadedExecution: false
05-20 23:03:06.709   908   922 I native  : I0000 00:00:1779332586.709799     922 model_resources_litert_lm.cc:67] model_type: TF_LITE_PREFILL_DECODE
05-20 23:03:06.709   908   922 I native  : I0000 00:00:1779332586.709875     922 model_resources_litert_lm.cc:68] litert model size: 2260043376
05-20 23:03:06.971   908   922 I litert  : [environment.cc:30] Creating LiteRT environment with options
05-20 23:03:06.971   908   922 W litert  : [npu_registry.cc:34] NPU accelerator could not be loaded and registered: kLiteRtStatusErrorInvalidArgument.
05-20 23:03:06.971   908   922 I litert  : [gpu_registry.cc:101] Loading GPU accelerator(libLiteRtGpuAccelerator.so).
05-20 23:03:06.972   908   922 I litert  : [gpu_registry.cc:101] Loading GPU accelerator(libLiteRtClGlAccelerator.so).
05-20 23:03:06.973   908   922 I litert  : [accelerator_registry.cc:54] RegisterAccelerator: ptr=0xb400006f195e7140, name=LiteRT GPU
05-20 23:03:06.973   908   922 I litert  : [gpu_registry.cc:109] Dynamically loaded GPU accelerator(libLiteRtClGlAccelerator.so) registered.
05-20 23:03:06.973   908   922 I litert  : [accelerator_registry.cc:54] RegisterAccelerator: ptr=0xb400006f195e6ea0, name=CpuAccelerator
05-20 23:03:06.973   908   922 I litert  : [cpu_registry.cc:42] CPU accelerator registered.
05-20 23:03:06.974   908   922 I native  : I0000 00:00:1779332586.973975     922 executor_settings_base.cc:397] File does not exist: /data/user/0/dev.anchildress1.vestige/cache/gemma-4-E4B-it.litertlm_1778303404_3659530240_mldrift_program_cache.bin Cleaning stale caches.
05-20 23:03:06.974   908   922 I native  : I0000 00:00:1779332586.974076     922 executor_settings_base.cc:408] Deleted 0 stale cache files.
05-20 23:03:06.974   908   922 I native  : I0000 00:00:1779332586.974113     922 llm_executor_settings_utils.cc:178] Setting serialization dir: /data/user/0/dev.anchildress1.vestige/cache
05-20 23:03:06.974   908   922 I litert  : [magic_number_utils.cc:97] Loaded: num_subgraphs=1340, num_signatures=4
05-20 23:03:06.974   908   922 I litert  : [magic_number_utils.cc:105]   signature=decode, subgraph_index=0, num_tensors=3514, num_inputs=53, num_outputs=50, num_ops=2712
05-20 23:03:06.974   908   922 I litert  : [magic_number_utils.cc:105]   signature=prefill_1024, subgraph_index=1, num_tensors=2309, num_inputs=53, num_outputs=48, num_ops=1773
05-20 23:03:06.974   908   922 I litert  : [magic_number_utils.cc:105]   signature=prefill_128, subgraph_index=2, num_tensors=2309, num_inputs=53, num_outputs=48, num_ops=1773
05-20 23:03:06.974   908   922 I litert  : [magic_number_utils.cc:105]   signature=verify, subgraph_index=3, num_tensors=3606, num_inputs=53, num_outputs=50, num_ops=2801
05-20 23:03:06.974   908   922 I litert  : [magic_number_utils.cc:109] Magic number configs: num_configs=1
05-20 23:03:06.974   908   922 I litert  : [magic_number_utils.cc:116]   config[0]: magic_number=32003, target_number=4096, signature_prefix=null
05-20 23:03:06.977   908   922 I litert  : [magic_number_utils.cc:425] 577 tensors of signature decode have been updated for magic number  32003 to target number 4096
05-20 23:03:06.979   908   922 I litert  : [magic_number_utils.cc:425] 426 tensors of signature prefill_1024 have been updated for magic number  32003 to target number 4096
05-20 23:03:06.981   908   922 I litert  : [magic_number_utils.cc:425] 426 tensors of signature prefill_128 have been updated for magic number  32003 to target number 4096
05-20 23:03:06.983   908   922 I litert  : [magic_number_utils.cc:425] 581 tensors of signature verify have been updated for magic number  32003 to target number 4096
05-20 23:03:06.983   908   922 I litert  : [compiled_model.cc:719] Flatbuffer model initialized directly from incoming litert model.
05-20 23:03:06.984   908   922 I tflite  : Initialized TensorFlow Lite runtime.
05-20 23:03:07.008   908   922 W libc    : Access denied finding property "ro.mediatek.platform"
05-20 23:03:07.061   598   660 I Finsky  : [344] Installer package name of package com.android.settings is
05-20 23:03:07.061   598   664 I Finsky  : [348] Installer package name of package com.android.settings is
05-20 23:03:07.061   598   660 I Finsky  : [344] Installer package name of package com.samsung.android.app.contacts is
05-20 23:03:07.061   598   664 I Finsky  : [348] Installer package name of package com.samsung.android.app.contacts is
05-20 23:03:07.062   598   660 I Finsky  : [344] Installer package name of package com.samsung.android.bixby.agent is com.sec.android.app.samsungapps
05-20 23:03:07.062   598   664 I Finsky  : [348] Installer package name of package com.samsung.android.bixby.agent is com.sec.android.app.samsungapps
05-20 23:03:07.062   598   664 I Finsky  : [348] Installer package name of package com.samsung.android.dialer is
05-20 23:03:07.062   598   664 I Finsky  : [348] Installer package name of package com.samsung.android.messaging is com.sec.android.app.samsungapps
05-20 23:03:07.062   598   660 I Finsky  : [344] Installer package name of package com.samsung.android.dialer is
05-20 23:03:07.062   598   664 I Finsky  : [348] Installer package name of package com.samsung.vvm is
05-20 23:03:07.062   598   664 I Finsky  : [348] Installer package name of package com.sec.android.app.camera is
05-20 23:03:07.062   598   660 I Finsky  : [344] Installer package name of package com.samsung.android.messaging is com.sec.android.app.samsungapps
05-20 23:03:07.063   598   664 I Finsky  : [348] Installer package name of package com.sec.android.app.sbrowser is com.sec.android.app.samsungapps
05-20 23:03:07.063   598   660 I Finsky  : [344] Installer package name of package com.samsung.vvm is
05-20 23:03:07.063   598   664 I Finsky  : [348] Installer package name of package com.sec.android.gallery3d is com.sec.android.app.samsungapps
05-20 23:03:07.063   598   664 I Finsky  : [348] Installer package name of package com.samsung.android.app.tips is com.sec.android.app.samsungapps
05-20 23:03:07.063   598   664 I Finsky  : [348] Installer package name of package com.samsung.android.ardrawing is com.sec.android.app.samsungapps
05-20 23:03:07.063   598   664 I Finsky  : [348] Installer package name of package com.samsung.android.calendar is com.sec.android.app.samsungapps
05-20 23:03:07.064   598   664 I Finsky  : [348] Installer package name of package com.sec.android.app.myfiles is com.sec.android.app.samsungapps
05-20 23:03:07.064   598   664 I Finsky  : [348] Installer package name of package com.sec.android.app.samsungapps is com.sec.android.app.samsungapps
05-20 23:03:07.065   598   660 I Finsky  : [344] Installer package name of package com.sec.android.app.camera is
05-20 23:03:07.065   598   660 I Finsky  : [344] Installer package name of package com.sec.android.app.sbrowser is com.sec.android.app.samsungapps
05-20 23:03:07.065   598   660 I Finsky  : [344] Installer package name of package com.sec.android.gallery3d is com.sec.android.app.samsungapps
05-20 23:03:07.065   598   660 I Finsky  : [344] Installer package name of package com.samsung.android.app.tips is com.sec.android.app.samsungapps
05-20 23:03:07.065   598   660 I Finsky  : [344] Installer package name of package com.samsung.android.ardrawing is com.sec.android.app.samsungapps
05-20 23:03:07.065   598   660 I Finsky  : [344] Installer package name of package com.samsung.android.calendar is com.sec.android.app.samsungapps
05-20 23:03:07.065   598   660 I Finsky  : [344] Installer package name of package com.sec.android.app.myfiles is com.sec.android.app.samsungapps
05-20 23:03:07.065   598   664 I Finsky  : [348] Installer package name of package ai.perplexity.app.android is com.sec.android.app.samsungapps
05-20 23:03:07.065   598   660 I Finsky  : [344] Installer package name of package com.sec.android.app.samsungapps is com.sec.android.app.samsungapps
05-20 23:03:07.065   598   660 I Finsky  : [344] Installer package name of package ai.perplexity.app.android is com.sec.android.app.samsungapps
05-20 23:03:07.065   598   660 I Finsky  : [344] Installer package name of package com.bigrunstudios.blackoutblitz is com.sec.android.app.samsungapps
05-20 23:03:07.065   598   664 I Finsky  : [348] Installer package name of package com.bigrunstudios.blackoutblitz is com.sec.android.app.samsungapps
05-20 23:03:07.065   598   660 I Finsky  : [344] Installer package name of package com.instagram.android is com.facebook.system
05-20 23:03:07.065   598   660 I Finsky  : [344] Installer package name of package com.netflix.mediaclient is com.sec.android.app.samsungapps
05-20 23:03:07.065   598   660 I Finsky  : [344] Installer package name of package com.play.solitairesmash is com.sec.android.app.samsungapps
05-20 23:03:07.065   598   660 I Finsky  : [344] Installer package name of package com.pocketgeek.android is com.samsung.android.app.omcagent
05-20 23:03:07.065   598   660 I Finsky  : [344] Installer package name of package com.samsung.android.app.find is com.sec.android.app.samsungapps
05-20 23:03:07.065   598   660 I Finsky  : [344] Installer package name of package com.samsung.android.app.notes is com.sec.android.app.samsungapps
05-20 23:03:07.065   598   660 I Finsky  : [344] Installer package name of package com.samsung.android.app.reminder is com.sec.android.app.samsungapps
05-20 23:03:07.066   598   660 I Finsky  : [344] Installer package name of package com.samsung.android.app.spage is com.sec.android.app.samsungapps
05-20 23:03:07.066   598   660 I Finsky  : [344] Installer package name of package com.samsung.android.game.gamehome is com.sec.android.app.samsungapps
05-20 23:03:07.066   598   660 I Finsky  : [344] Installer package name of package com.samsung.android.spay is com.sec.android.app.samsungapps
05-20 23:03:07.066   598   660 I Finsky  : [344] Installer package name of package com.samsung.android.voc is com.sec.android.app.samsungapps
05-20 23:03:07.066   598   660 I Finsky  : [344] Installer package name of package com.sec.android.app.clockpackage is com.samsung.android.app.updatecenter
05-20 23:03:07.066   598   660 I Finsky  : [344] Installer package name of package com.sec.android.app.popupcalculator is com.sec.android.app.samsungapps
05-20 23:03:07.066   598   664 I Finsky  : [348] Installer package name of package com.instagram.android is com.facebook.system
05-20 23:03:07.066   598   660 I Finsky  : [344] Installer package name of package com.sec.android.app.voicenote is com.sec.android.app.samsungapps
05-20 23:03:07.066   598   660 I Finsky  : [344] Installer package name of package com.sec.penup is com.sec.android.app.samsungapps
05-20 23:03:07.066   598   660 I Finsky  : [344] Installer package name of package dev.anchildress1.vestige is
05-20 23:03:07.066   598   664 I Finsky  : [348] Installer package name of package com.netflix.mediaclient is com.sec.android.app.samsungapps
05-20 23:03:07.066   598   660 I Finsky  : [344] Installer package name of package dev.checkmarkdevtools.underfoot_mobile is
05-20 23:03:07.066   598   664 I Finsky  : [348] Installer package name of package com.play.solitairesmash is com.sec.android.app.samsungapps
05-20 23:03:07.066   598   664 I Finsky  : [348] Installer package name of package com.pocketgeek.android is com.samsung.android.app.omcagent
05-20 23:03:07.066   598   664 I Finsky  : [348] Installer package name of package com.samsung.android.app.find is com.sec.android.app.samsungapps
05-20 23:03:07.066   598   664 I Finsky  : [348] Installer package name of package com.samsung.android.app.notes is com.sec.android.app.samsungapps
05-20 23:03:07.066   598   664 I Finsky  : [348] Installer package name of package com.samsung.android.app.reminder is com.sec.android.app.samsungapps
05-20 23:03:07.066   598   664 I Finsky  : [348] Installer package name of package com.samsung.android.app.spage is com.sec.android.app.samsungapps
05-20 23:03:07.066   598   664 I Finsky  : [348] Installer package name of package com.samsung.android.game.gamehome is com.sec.android.app.samsungapps
05-20 23:03:07.066   598   664 I Finsky  : [348] Installer package name of package com.samsung.android.spay is com.sec.android.app.samsungapps
05-20 23:03:07.066   598   664 I Finsky  : [348] Installer package name of package com.samsung.android.voc is com.sec.android.app.samsungapps
05-20 23:03:07.066   598   664 I Finsky  : [348] Installer package name of package com.sec.android.app.clockpackage is com.samsung.android.app.updatecenter
05-20 23:03:07.066   598   664 I Finsky  : [348] Installer package name of package com.sec.android.app.popupcalculator is com.sec.android.app.samsungapps
05-20 23:03:07.066   598   664 I Finsky  : [348] Installer package name of package com.sec.android.app.voicenote is com.sec.android.app.samsungapps
05-20 23:03:07.067   598   664 I Finsky  : [348] Installer package name of package com.sec.penup is com.sec.android.app.samsungapps
05-20 23:03:07.067   598   664 I Finsky  : [348] Installer package name of package dev.anchildress1.vestige is
05-20 23:03:07.067   598   664 I Finsky  : [348] Installer package name of package dev.checkmarkdevtools.underfoot_mobile is
05-20 23:03:07.078   908   922 I native  : I0000 00:00:1779332587.078650     922 delegate_opencl.cc:563] options->hint_waiting_for_completion: false
05-20 23:03:07.078   908   922 I native  : I0000 00:00:1779332587.078765     922 delegate_opencl.cc:565] options->kernel_batch_size: -1
05-20 23:03:07.079   908   922 W libc    : Access denied finding property "ro.mediatek.platform"
05-20 23:03:07.082  9642  9642 D SV[79871053 NowPlayingActivity]: updateSurface: surface is not valid
05-20 23:03:07.082  9642  9642 I SV[79871053 NowPlayingActivity]: releaseSurfaces: viewRoot = VRI[NowPlayingActivity]@63ccfde
05-20 23:03:07.082  9642  9642 D VRI[NowPlayingActivity]@63ccfde: applyTransactionOnDraw applyImmediately
05-20 23:03:07.083  9642  9642 D SV[158737226 NowPlayingActivity]: updateSurface: surface is not valid
05-20 23:03:07.083  9642  9642 I SV[158737226 NowPlayingActivity]: releaseSurfaces: viewRoot = VRI[NowPlayingActivity]@63ccfde
05-20 23:03:07.083  9642  9642 D VRI[NowPlayingActivity]@63ccfde: applyTransactionOnDraw applyImmediately
05-20 23:03:07.098  9642  9642 D SV[79871053 NowPlayingActivity]: updateSurface: surface is not valid
05-20 23:03:07.098  9642  9642 I SV[79871053 NowPlayingActivity]: releaseSurfaces: viewRoot = VRI[NowPlayingActivity]@63ccfde
05-20 23:03:07.098  9642  9642 D VRI[NowPlayingActivity]@63ccfde: applyTransactionOnDraw applyImmediately
05-20 23:03:07.099  9642  9642 D SV[158737226 NowPlayingActivity]: updateSurface: surface is not valid
05-20 23:03:07.099  9642  9642 I SV[158737226 NowPlayingActivity]: releaseSurfaces: viewRoot = VRI[NowPlayingActivity]@63ccfde
05-20 23:03:07.099  9642  9642 D VRI[NowPlayingActivity]@63ccfde: applyTransactionOnDraw applyImmediately
05-20 23:03:07.121   908   922 I AdrenoGLES-0: QUALCOMM build                   : c81b28e1a5, I5a61fcf667
05-20 23:03:07.121   908   922 I AdrenoGLES-0: Build Date                       : 06/20/25
05-20 23:03:07.121   908   922 I AdrenoGLES-0: OpenGL ES Shader Compiler Version: E031.45.02.26
05-20 23:03:07.121   908   922 I AdrenoGLES-0: Local Branch                     :
05-20 23:03:07.121   908   922 I AdrenoGLES-0: Remote Branch                    : refs/tags/AU_LINUX_ANDROID_LA.VENDOR.14.3.0.11.00.00.973.948
05-20 23:03:07.121   908   922 I AdrenoGLES-0: Remote Branch                    : NONE
05-20 23:03:07.121   908   922 I AdrenoGLES-0: Reconstruct Branch               : NOTHING
05-20 23:03:07.121   908   922 I AdrenoGLES-0: Build Config                     : S P 16.1.2 AArch64
05-20 23:03:07.121   908   922 I AdrenoGLES-0: Driver Path                      : /vendor/lib64/egl/libGLESv2_adreno.so
05-20 23:03:07.121   908   922 I AdrenoGLES-0: Driver Version                   : 0762.39
05-20 23:03:07.121   908   922 I AdrenoGLES-0: Process Name                     : dev.anchildress1.vestige
05-20 23:03:07.132   908   922 I AdrenoGLES-0: PFP: 0x01520181, ME: 0x01520023
05-20 23:03:07.140   908   922 E Adreno-AppProfiles: QSPM AIDL service doesn't exist
05-20 23:03:07.143   908   922 I AdrenoUtils: <ReadGpuID:357>: Reading chip ID through GSL
05-20 23:03:07.145   908   922 E libEGL  : call to OpenGL ES API with no current context (logged once per thread)
05-20 23:03:07.175  2619  3694 D NetdEventListenerService: DNS Requested by 160, 10260(com.android.vending), SUCCESS, 41ms
05-20 23:03:07.186   908   922 I litert  : [environment.cc:41] Adding options to the existing LiteRT environment
05-20 23:03:07.186   908   922 I tflite  : Loaded OpenCL library with dlopen.
05-20 23:03:07.187   908   922 I litert  : [gpu_environment.cc:217] Created OpenCL device from provided device id and platform id.
05-20 23:03:07.187   908   922 I litert  : [gpu_environment.cc:280] Reusing provided EGL environment.
05-20 23:03:07.187   908   922 I litert  : [gpu_environment.h:155] Created LiteRT GpuEnvironment.
05-20 23:03:07.187   908   922 I litert  : [environment.cc:41] Adding options to the existing LiteRT environment
05-20 23:03:07.316   598   677 I cn_CronetUrlRequestContext: destroyNativeStreamLocked android.net.http.internal.org.chromium.net.impl.CronetBidirectionalStream@37a4a1a
05-20 23:03:07.317   598   598 E Finsky  : [2] Failed to load an Item com.android.vending, missing shared fields: [4], missing type-specific fields: [0, 0, 0, 0, 0, 0, 0, 0, 64]
05-20 23:03:07.317   598   598 E Finsky  : [2] Failed to load an Item com.tm.nurx, no data available.
05-20 23:03:07.318   598   598 E Finsky  : [2] Required items [com.android.vending, com.tm.nurx]
05-20 23:03:07.318   598   598 E Finsky  : [2] Requested items [[com.tm.nurx, com.android.vending]]
05-20 23:03:07.318   598   598 E Finsky  : [2] Retrieved items []
05-20 23:03:07.341   598   677 I cn_CronetUrlRequestContext: destroyNativeStreamLocked android.net.http.internal.org.chromium.net.impl.CronetBidirectionalStream@4e2ede6
05-20 23:03:07.341   598   598 E Finsky  : [2] Failed to load an Item com.android.vending, missing shared fields: [4], missing type-specific fields: [0, 0, 0, 0, 0, 0, 0, 0, 64]
05-20 23:03:07.341   598   598 E Finsky  : [2] Failed to load an Item com.tm.nurx, no data available.
05-20 23:03:07.341   598   598 E Finsky  : [2] Required items [com.android.vending, com.tm.nurx]
05-20 23:03:07.341   598   598 E Finsky  : [2] Requested items [[com.tm.nurx, com.android.vending]]
05-20 23:03:07.341   598   598 E Finsky  : [2] Retrieved items []
05-20 23:03:07.458  1758  1772 E HeatmapThread: ECT Thread time in milliseconds: 1779332587
05-20 23:03:07.460  1758  1772 D HeatmapThread: !@ batteryplugType : 2
05-20 23:03:07.460  1758  1772 D HeatmapThread: !@ batteryLevel : 100  batteryTemperature : 315
05-20 23:03:07.460  1758  1772 D HeatmapThread: !@ Heatmap currtime: 29655543
05-20 23:03:07.460  1758  1772 D HeatmapThread: !@ Heatmap prevtime: 29655525
05-20 23:03:07.460  1758  1772 D HeatmapThread: !@ Heatmap plugstarttime: 29654553
05-20 23:03:07.460  1758  1772 D HeatmapThread: !@ Heatmap prevv_dsoh_update_time: 29655537
05-20 23:03:07.460  1758  1772 E HeatmapThread: !@ CAM New BSOH: 100
05-20 23:03:07.460  1758  1772 E HeatmapThread: !@ CAM is Working
05-20 23:03:07.650  2287  3020 I bauth_FPBAuthService: pcf : 0x1012, 0 ,1 ,0 ,0 ,0 ,0, 16.0.0.3
05-20 23:03:07.650  2287  3020 I bauth_FPBAuthService: thread id : 1, preenroll_flag : 0, nd cnt : 0, cso : 0, et : 0
05-20 23:03:07.650  2287  3020 I bauth_FPBAuthService: FPBAuthService::timerHandler complete
05-20 23:03:07.666  3763  3763 D SubscreenNotificationListCoordinator: onAfterRenderList() isSubScreen = false, pluginLockMode = 0, doNotShowOnCover = false
05-20 23:03:07.668  3763  3763 I LockscreenNotificationIconsOnlyController: onNotificationInfoUpdated 12
05-20 23:03:07.672  3763  3763 I AODNotificationManager: updateNotification()
05-20 23:03:07.672  3763  3763 D PluginAODManager: onNotificationInfoUpdated() 12
05-20 23:03:07.672  3763  3763 D PluginAODManager: onNotificationInfoUpdated() 0|com.Slack|291025126|null|10358
05-20 23:03:07.672  3763  3763 D PluginAODManager: onNotificationInfoUpdated() 0|com.facebook.orca|10000|ADVANCED_CRYPTO_ONE_TO_ONE:410750002|10350
05-20 23:03:07.673  3763  3763 D PluginAODManager: onNotificationInfoUpdated() 0|com.discord|0|GENERIC_PUSH_NOTIFICATION_SENThttps://discord.com/channels/@me/1497361726226567349/1506832024214962279|10446
05-20 23:03:07.673  3763  3763 D PluginAODManager: onNotificationInfoUpdated() 0|com.google.android.apps.messaging|7|incoming_message_group_key|10258
05-20 23:03:07.673  3763  3763 D PluginAODManager: onNotificationInfoUpdated() 0|co.hinge.app|-2113404064|co.hinge.app|10367
05-20 23:03:07.673  3763  3763 D PluginAODManager: onNotificationInfoUpdated() 0|com.google.android.gm|0|gig:982047296:PRIORITY_INBOX_ALL_MAIL|10275
05-20 23:03:07.673  3763  3763 D PluginAODManager: onNotificationInfoUpdated() 0|com.sec.android.daemonapp|5|null|10220
05-20 23:03:07.673  3763  3763 D PluginAODManager: onNotificationInfoUpdated() 0|com.google.android.apps.photos|0|982047296::a:DAILY_MEMORY_AVAILABLE:09a1f31de41b7443|10339
05-20 23:03:07.673  3763  3763 D PluginAODManager: onNotificationInfoUpdated() 0|com.github.android|1989248829|null|10520
05-20 23:03:07.673  3763  3763 D PluginAODManager: onNotificationInfoUpdated() 0|com.amazon.mShop.android.shopping|1|null|10354
05-20 23:03:07.673  3763  3763 D PluginAODManager: onNotificationInfoUpdated() 0|co.hinge.app|577470953|appboy_notification|10367
05-20 23:03:07.673  3763  3763 D PluginAODManager: onNotificationInfoUpdated() -1|android|110|null|1000
05-20 23:03:07.673  3763  3763 I AODNotificationManager: updateVisibleNotifications: 12
05-20 23:03:07.678  3763  3763 I SecKeyguardClockPositionAlgorithm: prepareClockContainerHeightChanging:
05-20 23:03:07.679  3763  3763 I PluginFaceWidgetManager: isEditMode = false
05-20 23:03:07.679  3763  3763 I NowBarItemManager: getVisibleList isScreenTurnedOn = false / aodShowState false shouldControlScreenOff false visibleList size = 0
05-20 23:03:07.680  3763  3763 I SecKeyguardClockPositionAlgorithm: prepareClockContainerHeightChanging:
05-20 23:03:07.680  3763  3763 I PluginFaceWidgetManager: isEditMode = false
05-20 23:03:07.680  3763  3763 I NowBarItemManager: getVisibleList isScreenTurnedOn = false / aodShowState false shouldControlScreenOff false visibleList size = 0
05-20 23:03:07.865 19504 19504 D BoundBrokerSvc: onUnbind: Intent { act=com.google.android.gms.auth.service.START xflg=0x4 pkg=com.google.android.gms }
05-20 23:03:07.900   940   940 I lmkd    : cached 0, sandbox(not0) 0
05-20 23:03:07.901   940   940 I lmkd    : Reclaim 'com.microsoft.appmanager' (24206), uid 10160, oom_score_adj 995, state 19 to free 63616kB rss, 61380kB swap; reason: low watermark is breached or filecache is low (3281104kB).
05-20 23:03:07.926  1576  1576 I Zygote  : Process 24206 exited due to signal 9 (Killed)
05-20 23:03:07.927  2619  7041 D WifiP2pService: close binder:android.os.BinderProxy@550e797 from mDeathDataByBinder:{android.os.BinderProxy@e441994=mUid=5025, deathRecipient=com.android.server.wifi.p2p.WifiP2pServiceImpl$$ExternalSyntheticLambda0@114d151, messenger=android.os.Messenger@c4ee812, worksource=WorkSource{5025 com.samsung.android.mdx.kit}, displayId=0, android.os.BinderProxy@4a19e90=mUid=10096, deathRecipient=com.android.server.wifi.p2p.WifiP2pServiceImpl$$ExternalSyntheticLambda0@9bdcf67, messenger=android.os.Messenger@c4ee812, worksource=WorkSource{10096 com.samsung.android.mcfds}, displayId=0, android.os.BinderProxy@6d6ef84=mUid=1002, deathRecipient=com.android.server.wifi.p2p.WifiP2pServiceImpl$$ExternalSyntheticLambda0@349fdb6, messenger=android.os.Messenger@c4ee812, worksource=WorkSource{1002 com.android.bluetooth}, displayId=0, android.os.BinderProxy@4c499e7=mUid=5025, deathRecipient=com.android.server.wifi.p2p.WifiP2pServiceImpl$$ExternalSyntheticLambda0@292aab7, messenger=android.os.Messenger@c4ee812, worksource=WorkSource{5025 com.samsung.android.mdx.kit}, displayId=0, android.os.Binder@d6cdc99=mUid=1000, deathRecipient=com.android.server.wifi.p2p.WifiP2pServiceImpl$$ExternalSyntheticLambda0@83a7be3, messenger=android.os.Messenger@c4ee812, worksource=WorkSource{1000 android}, displayId=0, android.os.BinderProxy@550e797=mUid=10160, deathRecipient=com.android.server.wifi.p2p.WifiP2pServiceImpl$$ExternalSyntheticLambda0@94ba3b2, messenger=android.os.Messenger@c4ee812, worksource=WorkSource{10160 com.microsoft.appmanager}, displayId=0, android.os.Binder@f14586e=mUid=1000, deathRecipient=com.android.server.wifi.p2p.WifiP2pServiceImpl$$ExternalSyntheticLambda0@92f735e, messenger=android.os.Messenger@c4ee812, worksource=WorkSource{1000 android}, displayId=0, android.os.BinderProxy@6feb573=mUid=10096, deathRecipient=com.android.server.wifi.p2p.WifiP2pServiceImpl$$ExternalSyntheticLambda0@44dfb03, messenger=android.os.Messenger@c4ee812, worksource=WorkSource{10096 com.samsung.android.mcfds}, displayId=0, android.os.BinderProxy@130585f=mUid=10125, deathRecipient=com.android.server.wifi.p2p.WifiP2pServiceImpl$$ExternalSyntheticLambda0@322f94d, messenger=android.os.Messenger@c4ee812, worksource=WorkSource{10125 com.samsung.android.mcfserver}, displayId=0}
05-20 23:03:07.929  2619  2834 I libprocessgroup: Removed cgroup /sys/fs/cgroup/apps/uid_10160/pid_24206
05-20 23:03:07.929  2619  3503 D WifiP2pService: Remove client - com.microsoft.appmanager
05-20 23:03:07.929  2619  3503 D WifiP2pService: Detach approvers for android.os.BinderProxy@550e797
05-20 23:03:07.935  1748  4014 I AudioFlinger: removeDlbCodecCallback pid:24206 type:-1
05-20 23:03:08.410  2619  3632 I SemWifiServiceDetector: Service det. resumed: T / T / 1492
05-20 23:03:08.458  1758  1772 E HeatmapThread: ECT Thread time in milliseconds: 1779332588
05-20 23:03:08.460  1758  1772 D HeatmapThread: !@ batteryplugType : 2
05-20 23:03:08.460  1758  1772 D HeatmapThread: !@ batteryLevel : 100  batteryTemperature : 315
05-20 23:03:08.460  1758  1772 D HeatmapThread: !@ Heatmap currtime: 29655543
05-20 23:03:08.460  1758  1772 D HeatmapThread: !@ Heatmap prevtime: 29655525
05-20 23:03:08.460  1758  1772 D HeatmapThread: !@ Heatmap plugstarttime: 29654553
05-20 23:03:08.461  1758  1772 D HeatmapThread: !@ Heatmap prevv_dsoh_update_time: 29655537
05-20 23:03:08.461  1758  1772 E HeatmapThread: !@ CAM New BSOH: 100
05-20 23:03:08.462  1758  1772 E HeatmapThread: !@ CAM is Working
05-20 23:03:08.623  1654 10031 I sensors-hal: handle_sns_client_event:375, [0][325561] accel_sample [ 3.400,  1.666,  9.131] 1493394801549623
05-20 23:03:08.650  2287  3020 I bauth_FPBAuthService: pcf : 0x1012, 0 ,1 ,0 ,0 ,0 ,0, 16.0.0.3
05-20 23:03:08.650  2287  3020 I bauth_FPBAuthService: thread id : 1, preenroll_flag : 0, nd cnt : 0, cso : 0, et : 0
05-20 23:03:08.650  2287  3020 I bauth_FPBAuthService: FPBAuthService::timerHandler complete
05-20 23:03:08.839   940   940 I lmkd    : 1(delay), 0(swap), 4(freelimit), 0(reentrymode) memory pressure events were skipped after a kill!
05-20 23:03:08.946   940   940 I lmkd    : cached 0, sandbox(not0) 0
05-20 23:03:08.947   940   940 I lmkd    : Reclaim 'com.samsung.android.mdx' (29667), uid 10094, oom_score_adj 985, state 19 to free 59016kB rss, 45920kB swap; reason: low watermark is breached or filecache is low (2229716kB).
05-20 23:03:08.947   940   960 E lowmemorykiller: process_mrelease 29667 failed: No such process
05-20 23:03:08.948  1576  1576 D Zygote  : Forked child process 936
05-20 23:03:08.963  1576  1576 I Zygote  : Process 29667 exited due to signal 9 (Killed)
05-20 23:03:08.964   940   940 I lmkd    : cached 0, sandbox(not0) 0
05-20 23:03:08.964  2619  2834 I libprocessgroup: Removed cgroup /sys/fs/cgroup/apps/uid_10094/pid_29667
05-20 23:03:08.964   940   940 I lmkd    : Reclaim 'com.microsoft.office.outlook' (29401), uid 10340, oom_score_adj 985, state 19 to free 75656kB rss, 105824kB swap; reason: low watermark is breached or filecache is low (2246860kB).
05-20 23:03:08.966   940   959 E lowmemorykiller: process_mrelease 29401 failed: No such process
05-20 23:03:08.967  5986  6022 V OsAgent : broadcastSystemEvent - 7
05-20 23:03:08.977   936   936 I soft.appmanager: Using CollectorTypeCMC GC.
05-20 23:03:08.986   936   936 D nativeloader: Load libframework-connectivity-tiramisu-jni.so using APEX ns com_android_tethering for caller /apex/com.android.tethering/javalib/framework-connectivity-t.jar: ok
05-20 23:03:08.994   936   936 D ActivityThread: setConscryptValidator
05-20 23:03:08.994   936   936 D ActivityThread: setConscryptValidator - put
05-20 23:03:09.002  1576  1576 I Zygote  : Process 29401 exited due to signal 9 (Killed)
05-20 23:03:09.004  2619  2834 I libprocessgroup: Removed cgroup /sys/fs/cgroup/apps/uid_10340/pid_29401
05-20 23:03:09.006  5986  6022 V OsAgent : broadcastSystemEvent - 7
05-20 23:03:09.006  2619  3524 D ConnectivityService: releasing NetworkRequest [ REQUEST id=82917, [ Capabilities: INTERNET&NOT_RESTRICTED&TRUSTED&NOT_VCN_MANAGED&NOT_BANDWIDTH_CONSTRAINED Uid: 10340 RequestorUid: 10340 RequestorPkg: com.microsoft.office.outlook UnderlyingNetworks: Null] ] (release request)
05-20 23:03:09.006  2619  3524 D ConnectivityService:  Removing from current network [160 WIFI], leaving 248 requests.
05-20 23:03:09.007  2619  3524 D ConnectivityService: releasing NetworkRequest [ REQUEST id=82925, [ Capabilities: INTERNET&NOT_RESTRICTED&TRUSTED&NOT_VCN_MANAGED&NOT_BANDWIDTH_CONSTRAINED Uid: 10340 RequestorUid: 10340 RequestorPkg: com.microsoft.office.outlook UnderlyingNetworks: Null] ] (release request)
05-20 23:03:09.007  2619  3524 D ConnectivityService:  Removing from current network [160 WIFI], leaving 246 requests.
05-20 23:03:09.023   936   936 D ApplicationLoaders: Returning zygote-cached class loader: /system_ext/framework/androidx.window.extensions.jar
05-20 23:03:09.023   936   936 D ApplicationLoaders: Returning zygote-cached class loader: /system_ext/framework/androidx.window.sidecar.jar
05-20 23:03:09.030   936   936 D nativeloader: Configuring clns-9 for other apk /system/framework/sec_camerax_impl.jar. target_sdk_version=36, uses_libraries=ALL, library_path=/data/app/~~EMGUB_SnhAfv25An6rCWLA==/com.microsoft.appmanager-V1zn2Pfm-pGaPKGJA4pGzQ==/lib/arm64:/data/app/~~EMGUB_SnhAfv25An6rCWLA==/com.microsoft.appmanager-V1zn2Pfm-pGaPKGJA4pGzQ==/base.apk!/lib/arm64-v8a, permitted_path=/data:/mnt/expand:/data/user/0/com.microsoft.appmanager
05-20 23:03:09.030   936   936 D nativeloader: Extending system_exposed_libraries: libhumantracking.arcsoft.so:libface_recognition.arcsoft.so:libpic_best.arcsoft.so:libPortraitDistortionCorrection.arcsoft.so:libPortraitDistortionCorrectionCali.arcsoft.so:libface_landmark.arcsoft.so:libFacialStickerEngine.arcsoft.so:libfrtracking_engine.arcsoft.so:libFaceRecognition.arcsoft.so:libveengine.arcsoft.so:lib_pet_detection.arcsoft.so:libae_bracket_hdr.arcsoft.so:libdigital_tele_scope.arcsoft.so:libdigital_tele_scope_rawsr.arcsoft.so:libsf_tetra_enhance.arcsoft.so:libmf_bayer_enhance.arcsoft.so:libhybrid_high_dynamic_range.arcsoft.so:libimage_enhancement.arcsoft.so:libmacroclearshot_raw.arcsoft.so:libFacialAttributeDetection.arcsoft.so:libobjectcapture_jni.arcsoft.so:libobjectcapture.arcsoft.so:libmultisourceseparator.audio.samsung.so:libaudiomirroring_jni.audiomirroring.samsung.so:libBeauty_v4.camera.samsung.so:libexifa.camera.samsung.so:libjpega.camera.samsung.so:libOpenCv.camera.samsung.so:libaifrcInterface.camera.samsung.so:libBestPhoto.camera.samsung.so:lib
05-20 23:03:09.048   936   936 D nativeloader: Configuring clns-10 for other apk /data/app/~~EMGUB_SnhAfv25An6rCWLA==/com.microsoft.appmanager-V1zn2Pfm-pGaPKGJA4pGzQ==/base.apk. target_sdk_version=36, uses_libraries=, library_path=/data/app/~~EMGUB_SnhAfv25An6rCWLA==/com.microsoft.appmanager-V1zn2Pfm-pGaPKGJA4pGzQ==/lib/arm64:/data/app/~~EMGUB_SnhAfv25An6rCWLA==/com.microsoft.appmanager-V1zn2Pfm-pGaPKGJA4pGzQ==/base.apk!/lib/arm64-v8a, permitted_path=/data:/mnt/expand:/data/user/0/com.microsoft.appmanager
05-20 23:03:09.056   936   936 V GraphicsEnvironment: Currently set values for:
05-20 23:03:09.056   936   936 V GraphicsEnvironment:   angle_gl_driver_selection_pkgs=[]
05-20 23:03:09.056   936   936 V GraphicsEnvironment:   angle_gl_driver_selection_values=[]
05-20 23:03:09.056   936   936 V GraphicsEnvironment: com.microsoft.appmanager is not listed in per-application setting
05-20 23:03:09.056   936   936 V GraphicsEnvironment: ANGLE allowlist from config:
05-20 23:03:09.056   936   936 V GraphicsEnvironment: com.microsoft.appmanager is not listed in ANGLE allowlist or settings, returning default
05-20 23:03:09.059   936   936 I LoadedApk: No resource references to update in package com.microsoft.appmanager.ext
05-20 23:03:09.059   936   936 I LoadedApk: No resource references to update in package com.microsoft.appmanager.extgeneric
05-20 23:03:09.060   936   936 I LoadedApk: No resource references to update in package com.microsoft.appmanager.extcn
05-20 23:03:09.060   936   936 I LoadedApk: No resource references to update in package com.microsoft.appmanager.extop
05-20 23:03:09.118   936  1193 E ashmem  : Pinning is deprecated since Android Q. Please use trim or other methods.
05-20 23:03:09.159   936   936 D AudioSystem: onNewServiceWithAdapter: media.audio_flinger service obtained 0xb400006dc9639c40
05-20 23:03:09.161   936   936 D AudioSystem: getService: checking for service media.audio_flinger: 0xb400006e796ab070
05-20 23:03:09.161   936   936 D AudioSystem: getClient: checking for service: 0xb400006dc9639c40
05-20 23:03:09.187  3969  4766 I EPDG -- SIM0 [SMARTWIFI]: isProfiling, hash=109464107, started=true
05-20 23:03:09.188   936  1304 D nativeloader: Load /data/app/~~EMGUB_SnhAfv25An6rCWLA==/com.microsoft.appmanager-V1zn2Pfm-pGaPKGJA4pGzQ==/base.apk!/lib/arm64-v8a/libdatastore_shared_counter.so using class loader ns clns-10 (caller=/data/app/~~EMGUB_SnhAfv25An6rCWLA==/com.microsoft.appmanager-V1zn2Pfm-pGaPKGJA4pGzQ==/base.apk): ok
05-20 23:03:09.188  3969  4766 I EPDG -- SIM0 [SMARTWIFI]: isWifiRssiLessOrEqualsHandoverThreshold: received rssi is: -54 handover threshold is: -85
05-20 23:03:09.188  3969  4766 I EPDG -- SIM0 [SMARTWIFI]: isProfiling, hash=109464107, started=true
05-20 23:03:09.189  3969  4766 I EPDG -- SIM0 [SMARTWIFI]: Rssi : -54 highrange : -71 lowrange : -80 mIsRssiInHystersis : false
05-20 23:03:09.189  3969  4766 I EPDG -- SIM0 [SMARTWIFI]: isL2WHandoverProfilingRunning: returning: false
05-20 23:03:09.189  3969  4766 I EPDG -- SIM0 [SMARTWIFI]: No need to send L2WHandoverProfiling runnable
05-20 23:03:09.189  3969  4766 I EPDG -- SIM0 [SMARTWIFI]: getHandoverThresholdMet: value is: false
05-20 23:03:09.198  2619  5388 D PackageManager: setEnabledSetting : userId = 0 packageName = com.microsoft.appmanager cmp = androidx.work.impl.background.systemjob.SystemJobService newState = 1 callingPackage = com.microsoft.appmanager
05-20 23:03:09.198  2619  5388 D ApplicationPolicy: getApplicationStateEnabled : pkg = com.microsoft.appmanager userId : 0
05-20 23:03:09.198  2619  5388 D ApplicationPolicy: getApplicationComponentState : pkg = com.microsoft.appmanager userId : 0
05-20 23:03:09.204   936  1335 D ConnectivityManager: StackLog: [android.net.ConnectivityManager.sendRequestForNetwork(ConnectivityManager.java:4740)] [android.net.ConnectivityManager.sendRequestForNetwork(ConnectivityManager.java:4908)] [android.net.ConnectivityManager.registerNetworkCallback(ConnectivityManager.java:5325)] [android.net.ConnectivityManager.registerNetworkCallback(ConnectivityManager.java:5295)] [wf.i.<init>(r8-map-id-7506eba305abca19a328dad1fcafca6590506a7860dcf55d012feafde3974460:51)] [wf.i.a(r8-map-id-7506eba305abca19a328dad1fcafca6590506a7860dcf55d012feafde3974460:10)] [kf.f.run(r8-map-id-7506eba305abca19a328dad1fcafca6590506a7860dcf55d012feafde3974460:119)]
05-20 23:03:09.209  2619  3524 D ConnectivityService: Rematched networks [computed 1ms] [applied 0ms] [issued 3]
05-20 23:03:09.209  2619  3524 D ConnectivityService: NetworkReassignment : no changes
05-20 23:03:09.213  1576  1576 D Zygote  : Forked child process 1342
05-20 23:03:09.239  1342  1342 I ung.android.mdx: Using CollectorTypeCMC GC.
05-20 23:03:09.253  5986  6022 V OsAgent : broadcastSystemEvent - 7
05-20 23:03:09.293  1342  1342 I WindowsLink: (AppUpdateManagerImpl) loadPreferenceInfo() in
05-20 23:03:09.293  1342  1342 I WindowsLink: (AppUpdateManagerImpl) loadPolicyConfigurationPreference() in
05-20 23:03:09.297  1342  1342 I WindowsLink: (AppUpdateManagerImpl) loadStorePreferenceInfo() in
05-20 23:03:09.297  1342  1342 I WindowsLink: (AppUpdateManagerImpl) getCachedLwStoreInfo(): in
05-20 23:03:09.297  1342  1342 I WindowsLink: (AppUpdateManagerImpl) getCachedStoreInfo() in = com.samsung.android.mdx
05-20 23:03:09.298  1342  1342 I WindowsLink: (AppUpdateManagerImpl) getCachedYpcStoreInfo(): in
05-20 23:03:09.299  1342  1342 I WindowsLink: (AppUpdateManagerImpl) getCachedStoreInfo() in = com.microsoft.appmanager
05-20 23:03:09.301  1342  1342 I CapsuleProvider_1.1.3: onCreate
05-20 23:03:09.305  1342  1342 I WindowsLink: (SeYourPhoneIndexableProvider) onCreate()
05-20 23:03:09.306  1342  1342 I WindowsLink: (SeYourPhoneIndexableProvider) secQueryGetFingerprint
05-20 23:03:09.309  1342  1342 I WindowsLink: (MdxApplication) MdxApplication : in
05-20 23:03:09.309  1342  1342 I SamsungAnalytics605069: Tracker start:6.05.069
05-20 23:03:09.309  1342  1360 I WindowsLink: (AppUpdateManagerImpl) loadPreferenceInfo() in
05-20 23:03:09.309  1342  1360 I WindowsLink: (AppUpdateManagerImpl) loadPolicyConfigurationPreference() in
05-20 23:03:09.310  1342  1360 I WindowsLink: (AppUpdateManagerImpl) loadStorePreferenceInfo() in
05-20 23:03:09.310  1342  1360 I WindowsLink: (AppUpdateManagerImpl) getCachedLwStoreInfo(): in
05-20 23:03:09.310  1342  1360 I WindowsLink: (AppUpdateManagerImpl) getCachedStoreInfo() in = com.samsung.android.mdx
05-20 23:03:09.310  1342  1360 I WindowsLink: (AppUpdateManagerImpl) getCachedYpcStoreInfo(): in
05-20 23:03:09.310  1342  1360 I WindowsLink: (AppUpdateManagerImpl) getCachedStoreInfo() in = com.microsoft.appmanager
05-20 23:03:09.310  1342  1342 I DIAGMON_SDK[605069]: DiagMonAgent type: 2
05-20 23:03:09.310  1342  1342 I DIAGMON_SDK[605069][wl34fppqc3] : generated SR object
05-20 23:03:09.310  1342  1342 I CapsuleProvider_1.1.3: releasing initialize wait lock.
05-20 23:03:09.311  1342  1342 I Sbixby_1.1.3: initialized
05-20 23:03:09.311  1342  1342 I Routine@Sdk[3.1.22]: RoutineSdkImpl: setHandler - conditionHandler=Z0.b@fbf79a7, actionHandler=Y0.a@9c1de54
05-20 23:03:09.311  1342  1360 I WindowsLink: (YpcSignatureChecker) isSignatureAllowed in
05-20 23:03:09.312  1342  1342 I WindowsLink: (SystemPropertyWrapperImpl) setSoftInputVisibleState: in = true
05-20 23:03:09.313  1342  1342 E ashmem  : Pinning is deprecated since Android Q. Please use trim or other methods.
05-20 23:03:09.313  1342  1342 I WindowsLink: (SystemPropertyWrapperImpl) isSoftInputForceUpdated: in / ret = false
05-20 23:03:09.313  1342  1342 I WindowsLink: (SystemPropertyWrapperImpl) setSoftInputVisibleState: Tried to set true but the setting is not updated by this function. Skip changing
05-20 23:03:09.313  1342  1342 I WindowsLink: (SystemPropertyWrapperImpl) setSoftInputForceUpdatedFlag : in = false
05-20 23:03:09.314  1342  1360 I WindowsLink: (BaseContentProvider) call: method = Compatibility@checkCompatibility / subMethod = checkCompatibility
05-20 23:03:09.314  1342  1360 I WindowsLink: (StateContentProvider) METHOD_CHECK_COMPATIBILITY in
05-20 23:03:09.314  1342  1360 I WindowsLink: (StateContentProvider) [lib ver] Name: 3.5.00.5 / Code: 350000005
05-20 23:03:09.314  1342  1342 I WindowsLink: (SystemPropertyWrapperImpl) setInputInjectorProperty : in = false
05-20 23:03:09.314  1342  1342 I WindowsLink: (SystemPropertyWrapperImpl) isInputInjectorPropertySet: in / ret = false
05-20 23:03:09.314  1342  1342 I WindowsLink: (SystemPropertyWrapperImpl) setInputInjectorProperty: Tried to false but the setting was not updated by this function. Skip changing.
05-20 23:03:09.314  1342  1342 I WindowsLink: (SystemPropertyWrapperImpl) setInputInjectorPropertyFlag : in = false
05-20 23:03:09.315  1342  1363 I SamsungAnalytics605069: register setting status
05-20 23:03:09.315  2619  7034 D SecContentProvider: query(), uri = 17 selection = isSettingsChangesAllowed
05-20 23:03:09.316  1342  1360 I WindowsLink: (StateContentProvider) CompatibilityStatus: 1
05-20 23:03:09.316  2619  7034 D SecContentProvider: query(), uri = 17 selection = isSettingsChangesAllowed
05-20 23:03:09.317  1342  1342 I WindowsLink: (CoverRepository) disableCoverManager() : false
05-20 23:03:09.318  2619  5388 D SEP_UNION_CoverManager_CoverDisabler: disableCoverManagerLocked : disable=false pkg=com.samsung.android.mdx token=android.os.BinderProxy@75fc26a
05-20 23:03:09.319   936  1220 W soft.appmanager: Long monitor contention with owner DefaultDispatcher-worker-6 (1267) at java.lang.Object dagger.internal.b.get()(r8-map-id-7506eba305abca19a328dad1fcafca6590506a7860dcf55d012feafde3974460:66) waiters=0 in java.lang.Object dagger.internal.b.get() for 116ms
05-20 23:03:09.321  1342  1360 I WindowsLink: (YpcSignatureChecker) isSignatureAllowed in
05-20 23:03:09.322  1342  1360 I WindowsLink: (BaseContentProvider) call: method = PermissionManager@getPregrantedPermissions / subMethod = getPregrantedPermissions
05-20 23:03:09.323  1342  1360 I WindowsLink: (YpcSignatureChecker) isSignatureAllowed in
05-20 23:03:09.323  1342  1360 I WindowsLink: (BaseContentProvider) call: method = PermissionManager@deactivatePermissionManager / subMethod = deactivatePermissionManager
05-20 23:03:09.324  1342  1359 I WindowsLink: (YpcSignatureChecker) isSignatureAllowed in
05-20 23:03:09.324  1342  1359 I WindowsLink: (BaseContentProvider) call: method = capability_get_last_anr / subMethod = capability_get_last_anr
05-20 23:03:09.326  1342  1359 I AAOW_RemoteAppModeService: mRemoteAppModeManager : com.samsung.android.remoteappmode.SemRemoteAppModeManager@8b664f0, Version : 9
05-20 23:03:09.328  2619  3165 D [RAMS]RemoteAppModeService: isAllowed = true
05-20 23:03:09.331  1342  1359 I WindowsLink: (YpcSignatureChecker) isSignatureAllowed in
05-20 23:03:09.331  1342  1359 I WindowsLink: (BaseContentProvider) call: method = DeviceInfo@getLastAnr / subMethod = getLastAnr
05-20 23:03:09.331  2619  5388 D [RAMS]RemoteAppModeService: isAllowed = true
05-20 23:03:09.336  2619  3165 I AnrCollector: gatLastAnr - lastAnrFile : null
05-20 23:03:09.337  2619  1372 I AnrCollector: write : 0
05-20 23:03:09.337  2619  1372 I AnrCollector: mOut.close()
05-20 23:03:09.340   936   936 W WallpaperResourcesInfo: parseCmfInfo: empty cmf detected. wp item index=0
05-20 23:03:09.340   936   936 W WallpaperResourcesInfo: parseCmfInfo: empty cmf detected. wp item index=1
05-20 23:03:09.340   936   936 W WallpaperResourcesInfo: parseCmfInfo: empty cmf detected. wp item index=2
05-20 23:03:09.340   936   936 W WallpaperResourcesInfo: parseCmfInfo: empty cmf detected. wp item index=3
05-20 23:03:09.373   936  1373 I BluetoothAdapter: BluetoothAdapter() : com.microsoft.appmanager
05-20 23:03:09.405   940   940 I lmkd    : cached 0, sandbox(not0) 0
05-20 23:03:09.406   940   940 I lmkd    : Reclaim 'com.microsoft.appmanager:auth' (29614), uid 10160, oom_score_adj 985, state 19 to free 66004kB rss, 54068kB swap; reason: low watermark is breached or filecache is low (2515180kB).
05-20 23:03:09.408   940   960 E lowmemorykiller: process_mrelease 29614 failed: No such process
05-20 23:03:09.414  2619  3165 D PackageManager: setEnabledSetting : userId = 0 packageName = com.microsoft.appmanager cmp = com.microsoft.appmanager.quicksettings.WindowsLinkTileService newState = 2 callingPackage = com.microsoft.appmanager
05-20 23:03:09.414  2619  3165 D PackageManager: setEnabledSetting : userId = 0 packageName = com.microsoft.appmanager cmp = com.microsoft.appmanager.receiver.LocaleChangeReceiver newState = 2 callingPackage = com.microsoft.appmanager
05-20 23:03:09.417  1342  1359 I WindowsLink: (YpcSignatureChecker) isSignatureAllowed in
05-20 23:03:09.417  1342  1359 I WindowsLink: (BaseContentProvider) call: method = capability_android_apps_on_windows / subMethod = capability_android_apps_on_windows
05-20 23:03:09.418  1342  1359 I WindowsLink: (YpcSignatureChecker) isSignatureAllowed in
05-20 23:03:09.418  1342  1359 I WindowsLink: (BaseContentProvider) call: method = PreviewMode@isPreviewModeEnabled / subMethod = isPreviewModeEnabled
05-20 23:03:09.419  2619  3165 D PackageManager: setEnabledSetting : userId = 0 packageName = com.microsoft.appmanager cmp = com.microsoft.appmanager.StartUpCoreActivity newState = 2 callingPackage = com.microsoft.appmanager
05-20 23:03:09.419  2619  3165 D PackageManager: setEnabledSetting : userId = 0 packageName = com.microsoft.appmanager cmp = com.microsoft.appmanager.oem.account.AccountAuthenticatorService newState = 1 callingPackage = com.microsoft.appmanager
05-20 23:03:09.419  2619  3165 D ApplicationPolicy: getApplicationStateEnabled : pkg = com.microsoft.appmanager userId : 0
05-20 23:03:09.419  2619  3165 D ApplicationPolicy: getApplicationComponentState : pkg = com.microsoft.appmanager userId : 0
05-20 23:03:09.420  1342  1359 I WindowsLink: (YpcSignatureChecker) isSignatureAllowed in
05-20 23:03:09.420  1342  1359 I WindowsLink: (BaseContentProvider) call: method = capability_tablet_support / subMethod = capability_tablet_support
05-20 23:03:09.421  1342  1359 I WindowsLink: (YpcSignatureChecker) isSignatureAllowed in
05-20 23:03:09.421  1342  1359 I WindowsLink: (BaseContentProvider) call: method = WindowsLinkTileRequest@setStateFRE / subMethod = setStateFRE
05-20 23:03:09.421  1342  1359 I WindowsLink: (StateContentProvider) METHOD_SET_TILE_FRE in
05-20 23:03:09.421  1342  1360 I WindowsLink: (YpcSignatureChecker) isSignatureAllowed in
05-20 23:03:09.422  1342  1360 I WindowsLink: (BaseContentProvider) call: method = capability_message_support / subMethod = capability_message_support
05-20 23:03:09.422  1342  1360 I WindowsLink: (YpcSignatureChecker) isSignatureAllowed in
05-20 23:03:09.422  1342  1360 I WindowsLink: (BaseContentProvider) call: method = capability_tablet_support / subMethod = capability_tablet_support
05-20 23:03:09.422  2619  3165 D SecContentProvider: query(), uri = 17 selection = isSettingsChangesAllowed
05-20 23:03:09.424  1342  1360 I WindowsLink: (YpcSignatureChecker) isSignatureAllowed in
05-20 23:03:09.424  1342  1360 I WindowsLink: (BaseContentProvider) call: method = capability_call_support / subMethod = capability_call_support
05-20 23:03:09.425  1342  1360 I WindowsLink: (YpcSignatureChecker) isSignatureAllowed in
05-20 23:03:09.425  1342  1360 I WindowsLink: (BaseContentProvider) call: method = capability_tablet_support / subMethod = capability_tablet_support
05-20 23:03:09.425  1342  1360 I WindowsLink: (YpcSignatureChecker) isSignatureAllowed in
05-20 23:03:09.425  1342  1360 I WindowsLink: (BaseContentProvider) call: method = capability_call_support / subMethod = capability_call_support
05-20 23:03:09.426  1342  1360 I WindowsLink: (YpcSignatureChecker) isSignatureAllowed in
05-20 23:03:09.426  1342  1360 I WindowsLink: (BaseContentProvider) call: method = capability_tablet_support / subMethod = capability_tablet_support
05-20 23:03:09.426  1342  1360 I WindowsLink: (YpcSignatureChecker) isSignatureAllowed in
05-20 23:03:09.426  1342  1360 I WindowsLink: (BaseContentProvider) call: method = capability_call_support / subMethod = capability_call_support
05-20 23:03:09.431   940   940 I lmkd    : cached 0, sandbox(not0) 0
05-20 23:03:09.431  1576  1576 I Zygote  : Process 29614 exited due to signal 9 (Killed)
05-20 23:03:09.431   940   940 I lmkd    : Reclaim 'com.google.android.gms.unstable' (22321), uid 10259, oom_score_adj 985, state 19 to free 75384kB rss, 69868kB swap; reason: low watermark is breached or filecache is low (2527588kB).
05-20 23:03:09.434  1342  1360 I WindowsLink: (YpcSignatureChecker) isSignatureAllowed in
05-20 23:03:09.434  1342  1360 I WindowsLink: (BaseContentProvider) call: method = capability_proximity_sending_user_present / subMethod = capability_proximity_sending_user_present
05-20 23:03:09.434  2619  7330 D [RAMS]RemoteAppModeService: isAllowed = true
05-20 23:03:09.439   940   959 E lowmemorykiller: process_mrelease 22321 failed: No such process
05-20 23:03:09.441  2619  2834 I libprocessgroup: Removed cgroup /sys/fs/cgroup/apps/uid_10160/pid_29614
05-20 23:03:09.442  1342  1359 I WindowsLink: (YpcSignatureChecker) isSignatureAllowed in
05-20 23:03:09.442  1342  1359 I WindowsLink: (BaseContentProvider) call: method = ProximityManager@isUserPresentIntentEnabled / subMethod = isUserPresentIntentEnabled
05-20 23:03:09.442  1342  1359 I ProximityContentProvider: isUserPresentIntentEnabled is called
05-20 23:03:09.442  1342  1359 I WindowsLink: (BaseContentProvider) call: method = ProximityManager@isUserPresentIntentEnabled / subMethod = isUserPresentIntentEnabled
05-20 23:03:09.443  2619  5399 D [RAMS]RemoteAppModeService: isAllowed = true
05-20 23:03:09.448  1342  1359 I WindowsLink: (YpcSignatureChecker) isSignatureAllowed in
05-20 23:03:09.448  1342  1359 I WindowsLink: (BaseContentProvider) call: method = ProximityManager@disableSendingUserPresentIntent / subMethod = disableSendingUserPresentIntent
05-20 23:03:09.448  1342  1359 I ProximityContentProvider: disableSendingUserPresentIntent is called
05-20 23:03:09.448  1342  1359 I WindowsLink: (BaseContentProvider) call: method = ProximityManager@disableSendingUserPresentIntent / subMethod = disableSendingUserPresentIntent
05-20 23:03:09.448  2619  5399 D [RAMS]RemoteAppModeService: isAllowed = true
05-20 23:03:09.449   936  1285 D nativeloader: Load /data/app/~~EMGUB_SnhAfv25An6rCWLA==/com.microsoft.appmanager-V1zn2Pfm-pGaPKGJA4pGzQ==/base.apk!/lib/arm64-v8a/libOneAuth.so using class loader ns clns-10 (caller=/data/app/~~EMGUB_SnhAfv25An6rCWLA==/com.microsoft.appmanager-V1zn2Pfm-pGaPKGJA4pGzQ==/base.apk!classes2.dex): ok
05-20 23:03:09.455   936  1290 I fd.s    : Provider GmsCore_OpenSSL not available
05-20 23:03:09.458  1758  1772 E HeatmapThread: ECT Thread time in milliseconds: 1779332589
05-20 23:03:09.460 24279 24279 I Routine@Core[4.9.04.13]: RoutineApplication: onTrimMemory: level : 40
05-20 23:03:09.463  1576  1576 I Zygote  : Process 22321 exited due to signal 9 (Killed)
05-20 23:03:09.463  2619  2834 I libprocessgroup: Removed cgroup /sys/fs/cgroup/apps/uid_10259/pid_22321
05-20 23:03:09.468  2619  3524 D ConnectivityService:  Removing from current network [160 WIFI], leaving 245 requests.
05-20 23:03:09.468  2619  3524 D ConnectivityService:  Removing from current network [160 WIFI], leaving 243 requests.
05-20 23:03:09.469  1758  1772 D HeatmapThread: !@ batteryplugType : 2
05-20 23:03:09.469  1758  1772 D HeatmapThread: !@ batteryLevel : 100  batteryTemperature : 315
05-20 23:03:09.469  1758  1772 D HeatmapThread: !@ Heatmap currtime: 29655543
05-20 23:03:09.469  1758  1772 D HeatmapThread: !@ Heatmap prevtime: 29655525
05-20 23:03:09.469  1758  1772 D HeatmapThread: !@ Heatmap plugstarttime: 29654553
05-20 23:03:09.469  1758  1772 D HeatmapThread: !@ Heatmap prevv_dsoh_update_time: 29655537
05-20 23:03:09.469  1758  1772 E HeatmapThread: !@ CAM New BSOH: 100
05-20 23:03:09.469  1758  1772 E HeatmapThread: !@ CAM is Working
05-20 23:03:09.482  2619  3694 D NetdEventListenerService: DNS Requested by 160, 10160(com.microsoft.appmanager), SUCCESS, 46ms
05-20 23:03:09.490  2619  7041 D PackageManager: setEnabledSetting : userId = 0 packageName = com.microsoft.appmanager cmp = androidx.work.impl.background.systemalarm.RescheduleReceiver newState = 1 callingPackage = com.microsoft.appmanager
05-20 23:03:09.490  2619  7041 D ApplicationPolicy: getApplicationStateEnabled : pkg = com.microsoft.appmanager userId : 0
05-20 23:03:09.490  2619  7041 D ApplicationPolicy: getApplicationComponentState : pkg = com.microsoft.appmanager userId : 0
05-20 23:03:09.494   936  1285 I OneAuthLog: [OneAuth:0002:Info:48bf5:00000000] MATS DeviceProfileTelemetryId: c76fb2c1f7b29c5a
05-20 23:03:09.494   936  1285 I OneAuthLog: [OneAuth:0002:Info:4md94:00000000] MATS device telemetry disabled.
05-20 23:03:09.508   936  1285 I OneAuthLog: [MSAL:0002]	INFO   	CreateSingletonComponents:143	Starting up MSAL
05-20 23:03:09.509   936  1285 I OneAuthLog: [MSAL:0002]	INFO   	AddConfigurationWithStorageManager:269	Created a new public client application with ID ''
05-20 23:03:09.510   936  1285 I OneAuthLog: [OneAuth:0002:Info:8mqsd:d6d0f25c] OneAuth Version 10.0.0 (com.microsoft.appmanager)
05-20 23:03:09.511   936  1285 I OneAuthLog: [OneAuth:0002:Info:9zj7z:d6d0f25c] Language code 'en-US' is not supported, fall back to 'en'
05-20 23:03:09.650  2287  3020 I bauth_FPBAuthService: pcf : 0x1012, 0 ,1 ,0 ,0 ,0 ,0, 16.0.0.3
05-20 23:03:09.650  2287  3020 I bauth_FPBAuthService: thread id : 1, preenroll_flag : 0, nd cnt : 0, cso : 0, et : 0
05-20 23:03:09.650  2287  3020 I bauth_FPBAuthService: FPBAuthService::timerHandler complete
05-20 23:03:09.655  2619  2797 I system_server: Background young concurrent mark compact GC freed 39MB AllocSpace bytes, 34(1088KB) LOS objects, 19% free, 192MB/240MB, paused 2.563ms,11.770ms total 175.296ms
05-20 23:03:09.656  2619  2867 I NSLocationMonitor: getGPSUsingApps() called
05-20 23:03:09.656  4907  9002 I NSLocationManager_FLP: getGPSUsingApps, No change
05-20 23:03:09.658  2619  2867 W Binder  : Outgoing transactions from this process must be FLAG_ONEWAY
05-20 23:03:09.658  2619  2867 W Binder  : java.lang.Throwable
05-20 23:03:09.658  2619  2867 W Binder  : 	at android.os.BinderProxy.transact(BinderProxy.java:566)
05-20 23:03:09.658  2619  2867 W Binder  : 	at android.bluetooth.IBluetoothGatt$Stub$Proxy.getAdvertisingSetUids(IBluetoothGatt.java:1678)
05-20 23:03:09.658  2619  2867 W Binder  : 	at android.bluetooth.BluetoothAdapter.getAdvertisingSetUids(BluetoothAdapter.java:8476)
05-20 23:03:09.658  2619  2867 W Binder  : 	at android.bluetooth.BluetoothAdapter.getHWUsingApps(BluetoothAdapter.java:1342)
05-20 23:03:09.658  2619  2867 W Binder  : 	at com.android.server.am.mars.filter.filter.BlueToothConnectedFilter.updateBTUsingPackages(qb/108160539 33ae36255acd426e53ed8d595db7032a623bca304d34ecf5074eda287d28591c:22)
05-20 23:03:09.658  2619  2867 W Binder  : 	at com.android.server.am.MARsPolicyManager.triggerAction(qb/108160539 33ae36255acd426e53ed8d595db7032a623bca304d34ecf5074eda287d28591c:96)
05-20 23:03:09.658  2619  2867 W Binder  : 	at com.android.server.am.MARsHandler$MainHandler.handleMessage(qb/108160539 33ae36255acd426e53ed8d595db7032a623bca304d34ecf5074eda287d28591c:1830)
05-20 23:03:09.658  2619  2867 W Binder  : 	at android.os.Handler.dispatchMessage(Handler.java:110)
05-20 23:03:09.658  2619  2867 W Binder  : 	at android.os.Looper.loopOnce(Looper.java:273)
05-20 23:03:09.658  2619  2867 W Binder  : 	at android.os.Looper.loop(Looper.java:363)
05-20 23:03:09.658  2619  2867 W Binder  : 	at com.android.server.am.MARsHandler$MainThread.run(qb/108160539 33ae36255acd426e53ed8d595db7032a623bca304d34ecf5074eda287d28591c:27)
05-20 23:03:09.890   940   940 I lmkd    : 1(delay), 0(swap), 1(freelimit), 0(reentrymode) memory pressure events were skipped after a kill!
05-20 23:03:10.043  9642  9642 D SV[79871053 NowPlayingActivity]: updateSurface: surface is not valid
05-20 23:03:10.044  9642  9642 I SV[79871053 NowPlayingActivity]: releaseSurfaces: viewRoot = VRI[NowPlayingActivity]@63ccfde
05-20 23:03:10.044  9642  9642 D VRI[NowPlayingActivity]@63ccfde: applyTransactionOnDraw applyImmediately
05-20 23:03:10.053  9642  9642 D SV[158737226 NowPlayingActivity]: updateSurface: surface is not valid
05-20 23:03:10.053  9642  9642 I SV[158737226 NowPlayingActivity]: releaseSurfaces: viewRoot = VRI[NowPlayingActivity]@63ccfde
05-20 23:03:10.053  9642  9642 D VRI[NowPlayingActivity]@63ccfde: applyTransactionOnDraw applyImmediately
05-20 23:03:10.060  9642  9642 D SV[79871053 NowPlayingActivity]: updateSurface: surface is not valid
05-20 23:03:10.060  9642  9642 I SV[79871053 NowPlayingActivity]: releaseSurfaces: viewRoot = VRI[NowPlayingActivity]@63ccfde
05-20 23:03:10.060  9642  9642 D VRI[NowPlayingActivity]@63ccfde: applyTransactionOnDraw applyImmediately
05-20 23:03:10.060  9642  9642 D SV[158737226 NowPlayingActivity]: updateSurface: surface is not valid
05-20 23:03:10.060  9642  9642 I SV[158737226 NowPlayingActivity]: releaseSurfaces: viewRoot = VRI[NowPlayingActivity]@63ccfde
05-20 23:03:10.060  9642  9642 D VRI[NowPlayingActivity]@63ccfde: applyTransactionOnDraw applyImmediately
05-20 23:03:10.386   936  1381 D CompatChangeReporter: Compat change id reported: 288912692; UID 10160; state: ENABLED
05-20 23:03:10.458  1758  1772 E HeatmapThread: ECT Thread time in milliseconds: 1779332590
05-20 23:03:10.459  1758  1772 D HeatmapThread: !@ batteryplugType : 2
05-20 23:03:10.459  1758  1772 D HeatmapThread: !@ batteryLevel : 100  batteryTemperature : 315
05-20 23:03:10.459  1758  1772 D HeatmapThread: !@ Heatmap currtime: 29655543
05-20 23:03:10.459  1758  1772 D HeatmapThread: !@ Heatmap prevtime: 29655525
05-20 23:03:10.459  1758  1772 D HeatmapThread: !@ Heatmap plugstarttime: 29654553
05-20 23:03:10.459  1758  1772 D HeatmapThread: !@ Heatmap prevv_dsoh_update_time: 29655537
05-20 23:03:10.459  1758  1772 E HeatmapThread: !@ CAM New BSOH: 100
05-20 23:03:10.459  1758  1772 E HeatmapThread: !@ CAM is Working
05-20 23:03:10.612  1654 10031 I sensors-hal: handle_sns_client_event:375, [0][325656] accel_sample [ 3.421,  1.659,  9.118] 1493396803251967
05-20 23:03:10.650  2287  3020 I bauth_FPBAuthService: pcf : 0x1012, 0 ,1 ,0 ,0 ,0 ,0, 16.0.0.3
05-20 23:03:10.650  2287  3020 I bauth_FPBAuthService: thread id : 1, preenroll_flag : 0, nd cnt : 0, cso : 0, et : 0
05-20 23:03:10.650  2287  3020 I bauth_FPBAuthService: FPBAuthService::timerHandler complete
05-20 23:03:11.414  2619  3632 I SemWifiServiceDetector: Service det. suspended: T / T / 1492
05-20 23:03:11.458  1758  1772 E HeatmapThread: ECT Thread time in milliseconds: 1779332591
05-20 23:03:11.460  1758  1772 D HeatmapThread: !@ batteryplugType : 2
05-20 23:03:11.460  1758  1772 D HeatmapThread: !@ batteryLevel : 100  batteryTemperature : 315
05-20 23:03:11.460  1758  1772 D HeatmapThread: !@ Heatmap currtime: 29655543
05-20 23:03:11.460  1758  1772 D HeatmapThread: !@ Heatmap prevtime: 29655525
05-20 23:03:11.460  1758  1772 D HeatmapThread: !@ Heatmap plugstarttime: 29654553
05-20 23:03:11.460  1758  1772 D HeatmapThread: !@ Heatmap prevv_dsoh_update_time: 29655537
05-20 23:03:11.460  1758  1772 E HeatmapThread: !@ CAM New BSOH: 100
05-20 23:03:11.460  1758  1772 E HeatmapThread: !@ CAM is Working
05-20 23:03:11.650  2287  3020 I bauth_FPBAuthService: pcf : 0x1012, 0 ,1 ,0 ,0 ,0 ,0, 16.0.0.3
05-20 23:03:11.651  2287  3020 I bauth_FPBAuthService: thread id : 1, preenroll_flag : 0, nd cnt : 0, cso : 0, et : 0
05-20 23:03:11.651  2287  3020 I bauth_FPBAuthService: FPBAuthService::timerHandler complete
05-20 23:03:11.868   908  1502 D ProfileInstaller: Installing profile for dev.anchildress1.vestige
05-20 23:03:12.198  3969  4766 I EPDG -- SIM0 [SMARTWIFI]: isProfiling, hash=109464107, started=true
05-20 23:03:12.199  3969  4766 I EPDG -- SIM0 [SMARTWIFI]: isWifiRssiLessOrEqualsHandoverThreshold: received rssi is: -54 handover threshold is: -85
05-20 23:03:12.199  3969  4766 I EPDG -- SIM0 [SMARTWIFI]: isProfiling, hash=109464107, started=true
05-20 23:03:12.199  3969  4766 I EPDG -- SIM0 [SMARTWIFI]: Rssi : -54 highrange : -71 lowrange : -80 mIsRssiInHystersis : false
05-20 23:03:12.199  3969  4766 I EPDG -- SIM0 [SMARTWIFI]: isL2WHandoverProfilingRunning: returning: false
05-20 23:03:12.199  3969  4766 I EPDG -- SIM0 [SMARTWIFI]: No need to send L2WHandoverProfiling runnable
05-20 23:03:12.199  3969  4766 I EPDG -- SIM0 [SMARTWIFI]: getHandoverThresholdMet: value is: false
05-20 23:03:12.270  2619  3694 D NetdEventListenerService: DNS Requested by 160, 10160(com.microsoft.appmanager), SUCCESS, 40ms
05-20 23:03:12.458  1758  1772 E HeatmapThread: ECT Thread time in milliseconds: 1779332592
05-20 23:03:12.459  1758  1772 D HeatmapThread: !@ batteryplugType : 2
05-20 23:03:12.460  1758  1772 D HeatmapThread: !@ batteryLevel : 100  batteryTemperature : 315
05-20 23:03:12.460  1758  1772 D HeatmapThread: !@ Heatmap currtime: 29655543
05-20 23:03:12.460  1758  1772 D HeatmapThread: !@ Heatmap prevtime: 29655525
05-20 23:03:12.460  1758  1772 D HeatmapThread: !@ Heatmap plugstarttime: 29654553
05-20 23:03:12.460  1758  1772 D HeatmapThread: !@ Heatmap prevv_dsoh_update_time: 29655537
05-20 23:03:12.460  1758  1772 E HeatmapThread: !@Entered the read from path function
05-20 23:03:12.468  1758  1772 E HeatmapThread: !@Read Extended_heatmap from efs is: 28336 0 0 0 0 0 0 0 0 0 0 0 0 0 0 0 0 0 5856 0 0 0 0 0 0 0 0 0 0 0 0 0 0 0 0 0 4689 0 0 0 0 0 0 0 0 0 0 0 0 0 0 0 0 0 4253 0 0 0 0 0 0 0 0 0 0 0 0 0 0 0 0 0 4363 0 0 0 0 0 0 0 0 0 0 0 0 0 0 0 0 0 3457 0 0 0 0 0 0 0 0 0 0 0 0 0 0 0 0 0 3343 0 0 0 0 0 0 0 0 0 0 0 0 0 0 0 0 0 3495 0 0 0 0 0 0 0 0 0 0 0 0 0 0 0 0 0 3449 0 0 0 0 0 0 0 0 0 0 0 0 0 0 0 0 0 3575 0 0 0 0 0 0 0 0 0 0 0 0 0 0 0 0 0 3435 0 0 0 0 0 0 0 0 0 0 0 0 0 0 0 0 0 13752 0 0 0 0 0 0 0 0 0 0 0 0 0 0 0 0 0 16495 0 0 0 0 0 0 0 0 0 0 0 0 0 0 0 0 0 31477 0 0 0 0 0 0 0 0 0 0 0 0 0 0 0 0 0 28765 0 0 0 0 0 0 0 0 0 0 0 0 0 0 0 0 0 26506 0 0 0 0 0 0 0 0 0 0 0 0 0 0 0 0 0 25247 0 0 0 0 0 0 0 0 0 0 0 0 0 0 0 0 0 21804 0 0 0 0 0 0 0 0 0 0 0 0 0 0 0 0 0 8539 0 0 0 0 0 0 0 0 0 0 0 0 0 0 0 0 0 7712 0 0 0 0 0 0 0 0 0 0 0 0 0 0 0 0 0 5193 0 0 0 0 0 0 0 0 0 0 0 0 0 0 0 0 0 3831 0 0 0 0 0 0 0 0 0 0 0 0 0 0 0 0 0 377 0 0 0 0 0 0 0 0 0 0 0 0 0 0 0 0 0 284 0 0 0 0 0 0 0 0 0 0 0 0 0 0 0 0 0 252 0 0 0 0 0 0 0 0 0 0 0 0 0 0 0 0 0 192 0
05-20 23:03:12.468  1758  1772 E HeatmapThread: !@Write Extended Heatmap to efs is: 28337 0 0 0 0 0 0 0 0 0 0 0 0 0 0 0 0 0 5856 0 0 0 0 0 0 0 0 0 0 0 0 0 0 0 0 0 4689 0 0 0 0 0 0 0 0 0 0 0 0 0 0 0 0 0 4253 0 0 0 0 0 0 0 0 0 0 0 0 0 0 0 0 0 4363 0 0 0 0 0 0 0 0 0 0 0 0 0 0 0 0 0 3457 0 0 0 0 0 0 0 0 0 0 0 0 0 0 0 0 0 3343 0 0 0 0 0 0 0 0 0 0 0 0 0 0 0 0 0 3495 0 0 0 0 0 0 0 0 0 0 0 0 0 0 0 0 0 3449 0 0 0 0 0 0 0 0 0 0 0 0 0 0 0 0 0 3575 0 0 0 0 0 0 0 0 0 0 0 0 0 0 0 0 0 3435 0 0 0 0 0 0 0 0 0 0 0 0 0 0 0 0 0 13752 0 0 0 0 0 0 0 0 0 0 0 0 0 0 0 0 0 16495 0 0 0 0 0 0 0 0 0 0 0 0 0 0 0 0 0 31477 0 0 0 0 0 0 0 0 0 0 0 0 0 0 0 0 0 28765 0 0 0 0 0 0 0 0 0 0 0 0 0 0 0 0 0 26506 0 0 0 0 0 0 0 0 0 0 0 0 0 0 0 0 0 25247 0 0 0 0 0 0 0 0 0 0 0 0 0 0 0 0 0 21804 0 0 0 0 0 0 0 0 0 0 0 0 0 0 0 0 0 8539 0 0 0 0 0 0 0 0 0 0 0 0 0 0 0 0 0 7712 0 0 0 0 0 0 0 0 0 0 0 0 0 0 0 0 0 5193 0 0 0 0 0 0 0 0 0 0 0 0 0 0 0 0 0 3831 0 0 0 0 0 0 0 0 0 0 0 0 0 0 0 0 0 377 0 0 0 0 0 0 0 0 0 0 0 0 0 0 0 0 0 284 0 0 0 0 0 0 0 0 0 0 0 0 0 0 0 0 0 252 0 0 0 0 0 0 0 0 0 0 0 0 0 0 0 0 0 192 0 0
05-20 23:03:12.468  1758  1772 E HeatmapThread: !@ CAM New BSOH: 100
05-20 23:03:12.468  1758  1772 E HeatmapThread: !@ CAM is Working
05-20 23:03:12.617  1654 10031 I sensors-hal: handle_sns_client_event:375, [0][325751] accel_sample [ 3.433,  1.657,  9.080] 1493398804956394
05-20 23:03:12.651  2287  3020 I bauth_FPBAuthService: pcf : 0x1012, 0 ,1 ,0 ,0 ,0 ,0, 16.0.0.3
05-20 23:03:12.651  2287  3020 I bauth_FPBAuthService: thread id : 1, preenroll_flag : 0, nd cnt : 0, cso : 0, et : 0
05-20 23:03:12.651  2287  3020 I bauth_FPBAuthService: FPBAuthService::timerHandler complete
05-20 23:03:13.055  2009  2009 I CNSS    : /sys/wifi/max_chipset_log_size doesn't exist
05-20 23:03:13.127 23876 23876 D WearableService: Creating wearable service asynchronously.
05-20 23:03:13.137 23876 27106 D WearableService: onGetService: waiting for onCreate to be completed.
05-20 23:03:13.147 23876 23898 I Wear_Controller: Wearable module requires a companion app to be installed.
05-20 23:03:13.147 23876 23898 I WearableService: onCreate: Wearable Services not starting. Wear is not available on this device.
05-20 23:03:13.147 23876 27106 W WearableService: onGetService: Wear is not available on this device. Calling package: com.spectrum.cm.headless
05-20 23:03:13.458  1758  1772 E HeatmapThread: ECT Thread time in milliseconds: 1779332593
05-20 23:03:13.460  1758  1772 D HeatmapThread: !@ batteryplugType : 2
05-20 23:03:13.460  1758  1772 D HeatmapThread: !@ batteryLevel : 100  batteryTemperature : 315
05-20 23:03:13.460  1758  1772 D HeatmapThread: !@ Heatmap currtime: 29655543
05-20 23:03:13.461  1758  1772 D HeatmapThread: !@ Heatmap prevtime: 29655525
05-20 23:03:13.461  1758  1772 D HeatmapThread: !@ Heatmap plugstarttime: 29654553
05-20 23:03:13.461  1758  1772 D HeatmapThread: !@ Heatmap prevv_dsoh_update_time: 29655537
05-20 23:03:13.461  1758  1772 E HeatmapThread: !@ CAM New BSOH: 100
05-20 23:03:13.461  1758  1772 E HeatmapThread: !@ CAM is Working
05-20 23:03:13.651  2287  3020 I bauth_FPBAuthService: pcf : 0x1012, 0 ,1 ,0 ,0 ,0 ,0, 16.0.0.3
05-20 23:03:13.651  2287  3020 I bauth_FPBAuthService: thread id : 1, preenroll_flag : 0, nd cnt : 0, cso : 0, et : 0
05-20 23:03:13.651  2287  3020 I bauth_FPBAuthService: FPBAuthService::timerHandler complete
05-20 23:03:14.416  2619  3632 I SemWifiServiceDetector: Service det. resumed: T / T / 1492
05-20 23:03:14.458  1758  1772 E HeatmapThread: ECT Thread time in milliseconds: 1779332594
05-20 23:03:14.459  1758  1772 D HeatmapThread: !@ batteryplugType : 2
05-20 23:03:14.459  1758  1772 D HeatmapThread: !@ batteryLevel : 100  batteryTemperature : 315
05-20 23:03:14.459  1758  1772 D HeatmapThread: !@ Heatmap currtime: 29655543
05-20 23:03:14.460  1758  1772 D HeatmapThread: !@ Heatmap prevtime: 29655525
05-20 23:03:14.460  1758  1772 D HeatmapThread: !@ Heatmap plugstarttime: 29654553
05-20 23:03:14.460  1758  1772 D HeatmapThread: !@ Heatmap prevv_dsoh_update_time: 29655537
05-20 23:03:14.460  1758  1772 E HeatmapThread: !@ CAM New BSOH: 100
05-20 23:03:14.460  1758  1772 E HeatmapThread: !@ CAM is Working
05-20 23:03:14.623  1654 10031 I sensors-hal: handle_sns_client_event:375, [0][325846] accel_sample [ 3.471,  1.666,  9.136] 1493400806664571
05-20 23:03:14.651  2287  3020 I bauth_FPBAuthService: pcf : 0x1012, 0 ,1 ,0 ,0 ,0 ,0, 16.0.0.3
05-20 23:03:14.651  2287  3020 I bauth_FPBAuthService: thread id : 1, preenroll_flag : 0, nd cnt : 0, cso : 0, et : 0
05-20 23:03:14.651  2287  3020 I bauth_FPBAuthService: FPBAuthService::timerHandler complete
05-20 23:03:14.666  2619  2867 I NSLocationMonitor: getGPSUsingApps() called
05-20 23:03:14.666  4907  9002 I NSLocationManager_FLP: getGPSUsingApps, No change
05-20 23:03:15.107  9642  9642 D SV[79871053 NowPlayingActivity]: updateSurface: surface is not valid
05-20 23:03:15.107  9642  9642 I SV[79871053 NowPlayingActivity]: releaseSurfaces: viewRoot = VRI[NowPlayingActivity]@63ccfde
05-20 23:03:15.107  9642  9642 D VRI[NowPlayingActivity]@63ccfde: applyTransactionOnDraw applyImmediately
05-20 23:03:15.107  9642  9642 D SV[158737226 NowPlayingActivity]: updateSurface: surface is not valid
05-20 23:03:15.108  9642  9642 I SV[158737226 NowPlayingActivity]: releaseSurfaces: viewRoot = VRI[NowPlayingActivity]@63ccfde
05-20 23:03:15.108  9642  9642 D VRI[NowPlayingActivity]@63ccfde: applyTransactionOnDraw applyImmediately
05-20 23:03:15.123  9642  9642 D SV[79871053 NowPlayingActivity]: updateSurface: surface is not valid
05-20 23:03:15.123  9642  9642 I SV[79871053 NowPlayingActivity]: releaseSurfaces: viewRoot = VRI[NowPlayingActivity]@63ccfde
05-20 23:03:15.123  9642  9642 D VRI[NowPlayingActivity]@63ccfde: applyTransactionOnDraw applyImmediately
05-20 23:03:15.124  9642  9642 D SV[158737226 NowPlayingActivity]: updateSurface: surface is not valid
05-20 23:03:15.124  9642  9642 I SV[158737226 NowPlayingActivity]: releaseSurfaces: viewRoot = VRI[NowPlayingActivity]@63ccfde
05-20 23:03:15.124  9642  9642 D VRI[NowPlayingActivity]@63ccfde: applyTransactionOnDraw applyImmediately
05-20 23:03:15.210  3969  4766 I EPDG -- SIM0 [SMARTWIFI]: isProfiling, hash=109464107, started=true
05-20 23:03:15.210  3969  4766 I EPDG -- SIM0 [SMARTWIFI]: isWifiRssiLessOrEqualsHandoverThreshold: received rssi is: -54 handover threshold is: -85
05-20 23:03:15.211  3969  4766 I EPDG -- SIM0 [SMARTWIFI]: isProfiling, hash=109464107, started=true
05-20 23:03:15.211  3969  4766 I EPDG -- SIM0 [SMARTWIFI]: Rssi : -54 highrange : -71 lowrange : -80 mIsRssiInHystersis : false
05-20 23:03:15.211  3969  4766 I EPDG -- SIM0 [SMARTWIFI]: isL2WHandoverProfilingRunning: returning: false
05-20 23:03:15.212  3969  4766 I EPDG -- SIM0 [SMARTWIFI]: No need to send L2WHandoverProfiling runnable
05-20 23:03:15.212  3969  4766 I EPDG -- SIM0 [SMARTWIFI]: getHandoverThresholdMet: value is: false
05-20 23:03:15.458  1758  1772 E HeatmapThread: ECT Thread time in milliseconds: 1779332595
05-20 23:03:15.462  1758  1772 D HeatmapThread: !@ batteryplugType : 2
05-20 23:03:15.462  1758  1772 D HeatmapThread: !@ batteryLevel : 100  batteryTemperature : 315
05-20 23:03:15.463  1758  1772 D HeatmapThread: !@ Heatmap currtime: 29655543
05-20 23:03:15.463  1758  1772 D HeatmapThread: !@ Heatmap prevtime: 29655525
05-20 23:03:15.463  1758  1772 D HeatmapThread: !@ Heatmap plugstarttime: 29654553
05-20 23:03:15.463  1758  1772 D HeatmapThread: !@ Heatmap prevv_dsoh_update_time: 29655537
05-20 23:03:15.463  1758  1772 E HeatmapThread: !@ CAM New BSOH: 100
05-20 23:03:15.463  1758  1772 E HeatmapThread: !@ CAM is Working
05-20 23:03:15.552   908   922 I native  : I0000 00:00:1779332595.552864     922 delegate_kernel.cc:279] Total 50 external tensors are used for delegate inputs and outputs
05-20 23:03:15.553   908   922 I native  : I0000 00:00:1779332595.553066     922 delegate_kernel.cc:784] Initializing OpenCL-based API from serialized data.
05-20 23:03:15.651  2287  3020 I bauth_FPBAuthService: pcf : 0x1012, 0 ,1 ,0 ,0 ,0 ,0, 16.0.0.3
05-20 23:03:15.652  2287  3020 I bauth_FPBAuthService: thread id : 1, preenroll_flag : 0, nd cnt : 0, cso : 0, et : 0
05-20 23:03:15.652  2287  3020 I bauth_FPBAuthService: FPBAuthService::timerHandler complete
05-20 23:03:15.945   940   940 I lmkd    : cached 0, sandbox(not0) 0
05-20 23:03:15.946   940   940 I lmkd    : Reclaim 'com.samsung.android.dqagent' (29925), uid 1000, oom_score_adj 985, state 19 to free 59904kB rss, 45264kB swap; reason: low watermark is breached or filecache is low (2708940kB).
05-20 23:03:15.958   940   960 E lowmemorykiller: process_mrelease 29925 failed: No such process
05-20 23:03:15.985  1576  1576 I Zygote  : Process 29925 exited due to signal 9 (Killed)
05-20 23:03:16.006  2619  2834 I libprocessgroup: Removed cgroup /sys/fs/cgroup/system/uid_1000/pid_29925
05-20 23:03:16.052   940   940 I lmkd    : 6(delay), 0(swap), 0(freelimit), 0(reentrymode) memory pressure events were skipped after a kill!
05-20 23:03:16.458  1758  1772 E HeatmapThread: ECT Thread time in milliseconds: 1779332596
05-20 23:03:16.462  1758  1772 D HeatmapThread: !@ batteryplugType : 2
05-20 23:03:16.462  1758  1772 D HeatmapThread: !@ batteryLevel : 100  batteryTemperature : 315
05-20 23:03:16.462  1758  1772 D HeatmapThread: !@ Heatmap currtime: 29655543
05-20 23:03:16.462  1758  1772 D HeatmapThread: !@ Heatmap prevtime: 29655525
05-20 23:03:16.463  1758  1772 D HeatmapThread: !@ Heatmap plugstarttime: 29654553
05-20 23:03:16.463  1758  1772 D HeatmapThread: !@ Heatmap prevv_dsoh_update_time: 29655537
05-20 23:03:16.463  1758  1772 E HeatmapThread: !@ CAM New BSOH: 100
05-20 23:03:16.463  1758  1772 E HeatmapThread: !@ CAM is Working
05-20 23:03:16.629  1654 10031 I sensors-hal: handle_sns_client_event:375, [0][325941] accel_sample [ 3.450,  1.673,  9.071] 1493402808378634
05-20 23:03:16.652  2287  3020 I bauth_FPBAuthService: pcf : 0x1012, 0 ,1 ,0 ,0 ,0 ,0, 16.0.0.3
05-20 23:03:16.652  2287  3020 I bauth_FPBAuthService: thread id : 1, preenroll_flag : 0, nd cnt : 0, cso : 0, et : 0
05-20 23:03:16.652  2287  3020 I bauth_FPBAuthService: FPBAuthService::timerHandler complete
05-20 23:03:17.220 14469 15105 I AdapterProperties: getBondedDevices: length=8
05-20 23:03:17.419  2619  3632 I SemWifiServiceDetector: Service det. suspended: T / T / 1492
05-20 23:03:17.458  1758  1772 E HeatmapThread: ECT Thread time in milliseconds: 1779332597
05-20 23:03:17.461  1758  1772 D HeatmapThread: !@ batteryplugType : 2
05-20 23:03:17.461  1758  1772 D HeatmapThread: !@ batteryLevel : 100  batteryTemperature : 315
05-20 23:03:17.462  1758  1772 D HeatmapThread: !@ Heatmap currtime: 29655543
05-20 23:03:17.462  1758  1772 D HeatmapThread: !@ Heatmap prevtime: 29655525
05-20 23:03:17.462  1758  1772 D HeatmapThread: !@ Heatmap plugstarttime: 29654553
05-20 23:03:17.462  1758  1772 D HeatmapThread: !@ Heatmap prevv_dsoh_update_time: 29655537
05-20 23:03:17.462  1758  1772 E HeatmapThread: !@ CAM New BSOH: 100
05-20 23:03:17.462  1758  1772 E HeatmapThread: !@ CAM is Working
05-20 23:03:17.595  9642  9642 D SV[79871053 NowPlayingActivity]: updateSurface: surface is not valid
05-20 23:03:17.595  9642  9642 I SV[79871053 NowPlayingActivity]: releaseSurfaces: viewRoot = VRI[NowPlayingActivity]@63ccfde
05-20 23:03:17.595  9642  9642 D VRI[NowPlayingActivity]@63ccfde: applyTransactionOnDraw applyImmediately
05-20 23:03:17.596  9642  9642 D SV[158737226 NowPlayingActivity]: updateSurface: surface is not valid
05-20 23:03:17.597  9642  9642 I SV[158737226 NowPlayingActivity]: releaseSurfaces: viewRoot = VRI[NowPlayingActivity]@63ccfde
05-20 23:03:17.597  9642  9642 D VRI[NowPlayingActivity]@63ccfde: applyTransactionOnDraw applyImmediately
05-20 23:03:17.612   908   922 I native  : I0000 00:00:1779332597.612466     922 delegate_kernel.cc:279] Total 49 external tensors are used for delegate inputs and outputs
05-20 23:03:17.612   908   922 I native  : I0000 00:00:1779332597.612634     922 delegate_kernel.cc:784] Initializing OpenCL-based API from serialized data.
05-20 23:03:17.614  9642  9642 D SV[79871053 NowPlayingActivity]: updateSurface: surface is not valid
05-20 23:03:17.614  9642  9642 I SV[79871053 NowPlayingActivity]: releaseSurfaces: viewRoot = VRI[NowPlayingActivity]@63ccfde
05-20 23:03:17.614  9642  9642 D VRI[NowPlayingActivity]@63ccfde: applyTransactionOnDraw applyImmediately
05-20 23:03:17.615  9642  9642 D SV[158737226 NowPlayingActivity]: updateSurface: surface is not valid
05-20 23:03:17.615  9642  9642 I SV[158737226 NowPlayingActivity]: releaseSurfaces: viewRoot = VRI[NowPlayingActivity]@63ccfde
05-20 23:03:17.615  9642  9642 D VRI[NowPlayingActivity]@63ccfde: applyTransactionOnDraw applyImmediately
05-20 23:03:17.652  2287  3020 I bauth_FPBAuthService: pcf : 0x1012, 0 ,1 ,0 ,0 ,0 ,0, 16.0.0.3
05-20 23:03:17.652  2287  3020 I bauth_FPBAuthService: thread id : 1, preenroll_flag : 0, nd cnt : 0, cso : 0, et : 0
05-20 23:03:17.653  2287  3020 I bauth_FPBAuthService: FPBAuthService::timerHandler complete
05-20 23:03:18.240  3969  4766 I EPDG -- SIM0 [SMARTWIFI]: isProfiling, hash=109464107, started=true
05-20 23:03:18.242  3969  4766 I EPDG -- SIM0 [SMARTWIFI]: isWifiRssiLessOrEqualsHandoverThreshold: received rssi is: -54 handover threshold is: -85
05-20 23:03:18.243  3969  4766 I EPDG -- SIM0 [SMARTWIFI]: isProfiling, hash=109464107, started=true
05-20 23:03:18.243  3969  4766 I EPDG -- SIM0 [SMARTWIFI]: Rssi : -54 highrange : -71 lowrange : -80 mIsRssiInHystersis : false
05-20 23:03:18.244  3969  4766 I EPDG -- SIM0 [SMARTWIFI]: isL2WHandoverProfilingRunning: returning: false
05-20 23:03:18.244  3969  4766 I EPDG -- SIM0 [SMARTWIFI]: No need to send L2WHandoverProfiling runnable
05-20 23:03:18.244  3969  4766 I EPDG -- SIM0 [SMARTWIFI]: getHandoverThresholdMet: value is: false
05-20 23:03:18.458  1758  1772 E HeatmapThread: ECT Thread time in milliseconds: 1779332598
05-20 23:03:18.462  1758  1772 D HeatmapThread: !@ batteryplugType : 2
05-20 23:03:18.462  1758  1772 D HeatmapThread: !@ batteryLevel : 100  batteryTemperature : 315
05-20 23:03:18.462  1758  1772 D HeatmapThread: !@ Heatmap currtime: 29655543
05-20 23:03:18.462  1758  1772 D HeatmapThread: !@ Heatmap prevtime: 29655525
05-20 23:03:18.462  1758  1772 D HeatmapThread: !@ Heatmap plugstarttime: 29654553
05-20 23:03:18.462  1758  1772 D HeatmapThread: !@ Heatmap prevv_dsoh_update_time: 29655537
05-20 23:03:18.462  1758  1772 E HeatmapThread: !@ CAM New BSOH: 100
05-20 23:03:18.463  1758  1772 E HeatmapThread: !@ CAM is Working
05-20 23:03:18.619  1654 10031 I sensors-hal: handle_sns_client_event:375, [0][326036] accel_sample [ 3.472,  1.667,  9.052] 1493404810099675
05-20 23:03:18.653  2287  3020 I bauth_FPBAuthService: pcf : 0x1012, 0 ,1 ,0 ,0 ,0 ,0, 16.0.0.3
05-20 23:03:18.653  2287  3020 I bauth_FPBAuthService: thread id : 1, preenroll_flag : 0, nd cnt : 0, cso : 0, et : 0
05-20 23:03:18.653  2287  3020 I bauth_FPBAuthService: FPBAuthService::timerHandler complete
05-20 23:03:19.458  1758  1772 E HeatmapThread: ECT Thread time in milliseconds: 1779332599
05-20 23:03:19.464  1758  1772 D HeatmapThread: !@ batteryplugType : 2
05-20 23:03:19.464  1758  1772 D HeatmapThread: !@ batteryLevel : 100  batteryTemperature : 315
05-20 23:03:19.464  1758  1772 D HeatmapThread: !@ Heatmap currtime: 29655543
05-20 23:03:19.465  1758  1772 D HeatmapThread: !@ Heatmap prevtime: 29655525
05-20 23:03:19.465  1758  1772 D HeatmapThread: !@ Heatmap plugstarttime: 29654553
05-20 23:03:19.465  1758  1772 D HeatmapThread: !@ Heatmap prevv_dsoh_update_time: 29655537
05-20 23:03:19.469  1758  1772 E HeatmapThread: !@ CAM New BSOH: 100
05-20 23:03:19.470  1758  1772 E HeatmapThread: !@ CAM is Working
05-20 23:03:19.653  2287  3020 I bauth_FPBAuthService: pcf : 0x1012, 0 ,1 ,0 ,0 ,0 ,0, 16.0.0.3
05-20 23:03:19.653  2287  3020 I bauth_FPBAuthService: thread id : 1, preenroll_flag : 0, nd cnt : 0, cso : 0, et : 0
05-20 23:03:19.653  2287  3020 I bauth_FPBAuthService: FPBAuthService::timerHandler complete
05-20 23:03:19.676  2619  2867 I NSLocationMonitor: getGPSUsingApps() called
05-20 23:03:19.678  4907  9002 I NSLocationManager_FLP: getGPSUsingApps, No change
05-20 23:03:20.078   908   922 I native  : I0000 00:00:1779332600.078372     922 delegate_kernel.cc:279] Total 49 external tensors are used for delegate inputs and outputs
05-20 23:03:20.078   908   922 I native  : I0000 00:00:1779332600.078464     922 delegate_kernel.cc:784] Initializing OpenCL-based API from serialized data.
05-20 23:03:20.108 19504 19504 D BoundBrokerSvc: onUnbind: Intent { act=com.google.android.gms.feedback.internal.IFeedbackService dat=chimera-action:/... xflg=0x4 cmp=com.google.android.gms/.chimera.GmsBoundBrokerService }
05-20 23:03:20.117  5986  6022 V OsAgent : broadcastSystemEvent - 7
05-20 23:03:20.458  1758  1772 E HeatmapThread: ECT Thread time in milliseconds: 1779332600
05-20 23:03:20.460  1758  1772 D HeatmapThread: !@ batteryplugType : 2
05-20 23:03:20.460  1758  1772 D HeatmapThread: !@ batteryLevel : 100  batteryTemperature : 315
05-20 23:03:20.460  1758  1772 D HeatmapThread: !@ Heatmap currtime: 29655543
05-20 23:03:20.460  1758  1772 D HeatmapThread: !@ Heatmap prevtime: 29655525
05-20 23:03:20.460  1758  1772 D HeatmapThread: !@ Heatmap plugstarttime: 29654553
05-20 23:03:20.461  1758  1772 D HeatmapThread: !@ Heatmap prevv_dsoh_update_time: 29655537
05-20 23:03:20.461  1758  1772 E HeatmapThread: !@ CAM New BSOH: 100
05-20 23:03:20.461  1758  1772 E HeatmapThread: !@ CAM is Working
05-20 23:03:20.624  1654 10031 I sensors-hal: handle_sns_client_event:375, [0][326131] accel_sample [ 3.501,  1.689,  9.083] 1493406811828009
05-20 23:03:20.653  2287  3020 I bauth_FPBAuthService: pcf : 0x1012, 0 ,1 ,0 ,0 ,0 ,0, 16.0.0.3
05-20 23:03:20.654  2287  3020 I bauth_FPBAuthService: thread id : 1, preenroll_flag : 0, nd cnt : 0, cso : 0, et : 0
05-20 23:03:20.654  2287  3020 I bauth_FPBAuthService: FPBAuthService::timerHandler complete
05-20 23:03:21.269  3969  4766 I EPDG -- SIM0 [SMARTWIFI]: isProfiling, hash=109464107, started=true
05-20 23:03:21.269  3969  4766 I EPDG -- SIM0 [SMARTWIFI]: isWifiRssiLessOrEqualsHandoverThreshold: received rssi is: -54 handover threshold is: -85
05-20 23:03:21.269  3969  4766 I EPDG -- SIM0 [SMARTWIFI]: isProfiling, hash=109464107, started=true
05-20 23:03:21.269  3969  4766 I EPDG -- SIM0 [SMARTWIFI]: Rssi : -54 highrange : -71 lowrange : -80 mIsRssiInHystersis : false
05-20 23:03:21.269  3969  4766 I EPDG -- SIM0 [SMARTWIFI]: isL2WHandoverProfilingRunning: returning: false
05-20 23:03:21.269  3969  4766 I EPDG -- SIM0 [SMARTWIFI]: No need to send L2WHandoverProfiling runnable
05-20 23:03:21.269  3969  4766 I EPDG -- SIM0 [SMARTWIFI]: getHandoverThresholdMet: value is: false
05-20 23:03:21.419   908   922 I native  : I0000 00:00:1779332601.419179     922 delegate_kernel.cc:279] Total 50 external tensors are used for delegate inputs and outputs
05-20 23:03:21.419   908   922 I native  : I0000 00:00:1779332601.419299     922 delegate_kernel.cc:784] Initializing OpenCL-based API from serialized data.
05-20 23:03:21.458  1758  1772 E HeatmapThread: ECT Thread time in milliseconds: 1779332601
05-20 23:03:21.462  1758  1772 D HeatmapThread: !@ batteryplugType : 2
05-20 23:03:21.462  1758  1772 D HeatmapThread: !@ batteryLevel : 100  batteryTemperature : 315
05-20 23:03:21.462  1758  1772 D HeatmapThread: !@ Heatmap currtime: 29655543
05-20 23:03:21.462  1758  1772 D HeatmapThread: !@ Heatmap prevtime: 29655525
05-20 23:03:21.462  1758  1772 D HeatmapThread: !@ Heatmap plugstarttime: 29654553
05-20 23:03:21.462  1758  1772 D HeatmapThread: !@ Heatmap prevv_dsoh_update_time: 29655537
05-20 23:03:21.463  1758  1772 E HeatmapThread: !@ CAM New BSOH: 100
05-20 23:03:21.463  1758  1772 E HeatmapThread: !@ CAM is Working
05-20 23:03:21.654  2287  3020 I bauth_FPBAuthService: pcf : 0x1012, 0 ,1 ,0 ,0 ,0 ,0, 16.0.0.3
05-20 23:03:21.654  2287  3020 I bauth_FPBAuthService: thread id : 1, preenroll_flag : 0, nd cnt : 0, cso : 0, et : 0
05-20 23:03:21.654  2287  3020 I bauth_FPBAuthService: FPBAuthService::timerHandler complete
05-20 23:03:22.458  1758  1772 E HeatmapThread: ECT Thread time in milliseconds: 1779332602
05-20 23:03:22.460  1758  1772 D HeatmapThread: !@ batteryplugType : 2
05-20 23:03:22.460  1758  1772 D HeatmapThread: !@ batteryLevel : 100  batteryTemperature : 315
05-20 23:03:22.460  1758  1772 D HeatmapThread: !@ Heatmap currtime: 29655543
05-20 23:03:22.460  1758  1772 D HeatmapThread: !@ Heatmap prevtime: 29655525
05-20 23:03:22.460  1758  1772 D HeatmapThread: !@ Heatmap plugstarttime: 29654553
05-20 23:03:22.460  1758  1772 D HeatmapThread: !@ Heatmap prevv_dsoh_update_time: 29655537
05-20 23:03:22.461  1758  1772 E HeatmapThread: !@ CAM New BSOH: 100
05-20 23:03:22.461  1758  1772 E HeatmapThread: !@ CAM is Working
05-20 23:03:22.630  1654 10031 I sensors-hal: handle_sns_client_event:375, [0][326226] accel_sample [ 3.512,  1.686,  9.148] 1493408813563738
05-20 23:03:22.654  2287  3020 I bauth_FPBAuthService: pcf : 0x1012, 0 ,1 ,0 ,0 ,0 ,0, 16.0.0.3
05-20 23:03:22.654  2287  3020 I bauth_FPBAuthService: thread id : 1, preenroll_flag : 0, nd cnt : 0, cso : 0, et : 0
05-20 23:03:22.654  2287  3020 I bauth_FPBAuthService: FPBAuthService::timerHandler complete
05-20 23:03:23.037   908   922 I litert  : [environment.cc:30] Creating LiteRT environment with options
05-20 23:03:23.038   908   922 W litert  : [npu_registry.cc:34] NPU accelerator could not be loaded and registered: kLiteRtStatusErrorInvalidArgument.
05-20 23:03:23.038   908   922 I litert  : [gpu_registry.cc:101] Loading GPU accelerator(libLiteRtGpuAccelerator.so).
05-20 23:03:23.044   908   922 I litert  : [gpu_registry.cc:101] Loading GPU accelerator(libLiteRtClGlAccelerator.so).
05-20 23:03:23.044   908   922 I litert  : [accelerator_registry.cc:54] RegisterAccelerator: ptr=0xb400006f196632a0, name=LiteRT GPU
05-20 23:03:23.044   908   922 I litert  : [gpu_registry.cc:109] Dynamically loaded GPU accelerator(libLiteRtClGlAccelerator.so) registered.
05-20 23:03:23.044   908   922 I litert  : [accelerator_registry.cc:54] RegisterAccelerator: ptr=0xb400006f19641c00, name=CpuAccelerator
05-20 23:03:23.044   908   922 I litert  : [cpu_registry.cc:42] CPU accelerator registered.
05-20 23:03:23.129  9642  9642 D SV[79871053 NowPlayingActivity]: updateSurface: surface is not valid
05-20 23:03:23.130  9642  9642 I SV[79871053 NowPlayingActivity]: releaseSurfaces: viewRoot = VRI[NowPlayingActivity]@63ccfde
05-20 23:03:23.130  9642  9642 D VRI[NowPlayingActivity]@63ccfde: applyTransactionOnDraw applyImmediately
05-20 23:03:23.131  9642  9642 D SV[158737226 NowPlayingActivity]: updateSurface: surface is not valid
05-20 23:03:23.131  9642  9642 I SV[158737226 NowPlayingActivity]: releaseSurfaces: viewRoot = VRI[NowPlayingActivity]@63ccfde
05-20 23:03:23.131  9642  9642 D VRI[NowPlayingActivity]@63ccfde: applyTransactionOnDraw applyImmediately
05-20 23:03:23.149   908   922 I native  : I0000 00:00:1779332603.149298     922 model_resources_litert_lm.cc:67] model_type: TF_LITE_END_OF_AUDIO
05-20 23:03:23.149   908   922 I native  : I0000 00:00:1779332603.149479     922 model_resources_litert_lm.cc:68] litert model size: 10868
05-20 23:03:23.149  9642  9642 D SV[79871053 NowPlayingActivity]: updateSurface: surface is not valid
05-20 23:03:23.150  9642  9642 I SV[79871053 NowPlayingActivity]: releaseSurfaces: viewRoot = VRI[NowPlayingActivity]@63ccfde
05-20 23:03:23.150  9642  9642 D VRI[NowPlayingActivity]@63ccfde: applyTransactionOnDraw applyImmediately
05-20 23:03:23.150   908   922 I native  : I0000 00:00:1779332603.150437     922 model_resources_litert_lm.cc:67] model_type: TF_LITE_END_OF_VISION
05-20 23:03:23.150   908   922 I native  : I0000 00:00:1779332603.150464     922 model_resources_litert_lm.cc:68] litert model size: 10868
05-20 23:03:23.150  9642  9642 D SV[158737226 NowPlayingActivity]: updateSurface: surface is not valid
05-20 23:03:23.150  9642  9642 I SV[158737226 NowPlayingActivity]: releaseSurfaces: viewRoot = VRI[NowPlayingActivity]@63ccfde
05-20 23:03:23.150  9642  9642 D VRI[NowPlayingActivity]@63ccfde: applyTransactionOnDraw applyImmediately
05-20 23:03:23.151   908   922 I native  : I0000 00:00:1779332603.151488     922 model_resources_litert_lm.cc:67] model_type: TF_LITE_EMBEDDER
05-20 23:03:23.151   908   922 I native  : I0000 00:00:1779332603.151511     922 model_resources_litert_lm.cc:68] litert model size: 170920584
05-20 23:03:23.153   908   922 I litert  : [magic_number_utils.cc:97] Loaded: num_subgraphs=1, num_signatures=1
05-20 23:03:23.153   908   922 I litert  : [magic_number_utils.cc:105]   signature=embedder, subgraph_index=0, num_tensors=16, num_inputs=1, num_outputs=1, num_ops=8
05-20 23:03:23.153   908   922 I litert  : [magic_number_utils.cc:109] Magic number configs: num_configs=1
05-20 23:03:23.153   908   922 I litert  : [magic_number_utils.cc:116]   config[0]: magic_number=32003, target_number=4096, signature_prefix=null
05-20 23:03:23.153   908   922 I litert  : [compiled_model.cc:719] Flatbuffer model initialized directly from incoming litert model.
05-20 23:03:23.165   908   922 I tflite  : Created TensorFlow Lite XNNPACK delegate for CPU.
05-20 23:03:23.165   908   922 I native  : I0000 00:00:1779332603.165924     922 embedding_lookup_text.cc:303] EmbeddingLookupText::Initialize Creating input buffers
05-20 23:03:23.166   908   922 I native  : I0000 00:00:1779332603.166303     922 embedding_lookup_text.cc:342] EmbeddingLookupText initialized: signature=embedder, rank=3, floats_per_token=2560
05-20 23:03:23.167   908   922 I litert  : [magic_number_utils.cc:97] Loaded: num_subgraphs=1, num_signatures=1
05-20 23:03:23.167   908   922 I litert  : [magic_number_utils.cc:105]   signature=eoi, subgraph_index=0, num_tensors=1, num_inputs=0, num_outputs=1, num_ops=0
05-20 23:03:23.167   908   922 I litert  : [magic_number_utils.cc:109] Magic number configs: num_configs=1
05-20 23:03:23.167   908   922 I litert  : [magic_number_utils.cc:116]   config[0]: magic_number=32003, target_number=4096, signature_prefix=null
05-20 23:03:23.167   908   922 I litert  : [compiled_model.cc:719] Flatbuffer model initialized directly from incoming litert model.
05-20 23:03:23.167   908   922 I litert  : [compiled_model.cc:1491] Tracked constant output tensor eoi_embedding with locked address
05-20 23:03:23.167   908   922 I litert  : [magic_number_utils.cc:97] Loaded: num_subgraphs=1, num_signatures=1
05-20 23:03:23.167   908   922 I litert  : [magic_number_utils.cc:105]   signature=eoa, subgraph_index=0, num_tensors=1, num_inputs=0, num_outputs=1, num_ops=0
05-20 23:03:23.167   908   922 I litert  : [magic_number_utils.cc:109] Magic number configs: num_configs=1
05-20 23:03:23.167   908   922 I litert  : [magic_number_utils.cc:116]   config[0]: magic_number=32003, target_number=4096, signature_prefix=null
05-20 23:03:23.167   908   922 I litert  : [compiled_model.cc:719] Flatbuffer model initialized directly from incoming litert model.
05-20 23:03:23.167   908   922 I litert  : [compiled_model.cc:1491] Tracked constant output tensor eoa_embedding with locked address
05-20 23:03:23.168   908   922 I native  : I0000 00:00:1779332603.168372     922 model_resources_litert_lm.cc:67] model_type: TF_LITE_PER_LAYER_EMBEDDER
05-20 23:03:23.168   908   922 I native  : I0000 00:00:1779332603.168417     922 model_resources_litert_lm.cc:68] litert model size: 836778512
05-20 23:03:23.207   908   922 I litert  : [magic_number_utils.cc:97] Loaded: num_subgraphs=1, num_signatures=1
05-20 23:03:23.207   908   922 I litert  : [magic_number_utils.cc:105]   signature=per_layer_embedder, subgraph_index=0, num_tensors=97, num_inputs=1, num_outputs=1, num_ops=49
05-20 23:03:23.207   908   922 I litert  : [magic_number_utils.cc:109] Magic number configs: num_configs=1
05-20 23:03:23.207   908   922 I litert  : [magic_number_utils.cc:116]   config[0]: magic_number=32003, target_number=4096, signature_prefix=null
05-20 23:03:23.207   908   922 I litert  : [compiled_model.cc:719] Flatbuffer model initialized directly from incoming litert model.
05-20 23:03:23.360   908   922 I native  : I0000 00:00:1779332603.360850     922 embedding_lookup_text.cc:303] EmbeddingLookupText::Initialize Creating input buffers
05-20 23:03:23.361   908   922 I native  : I0000 00:00:1779332603.361067     922 embedding_lookup_text.cc:342] EmbeddingLookupText initialized: signature=per_layer_embedder, rank=4, floats_per_token=10752
05-20 23:03:23.361   908   922 I native  : I0000 00:00:1779332603.361718     922 llm_executor_settings_utils.cc:178] Setting serialization dir: /data/user/0/dev.anchildress1.vestige/cache
05-20 23:03:23.362   908   922 I native  : I0000 00:00:1779332603.362445     922 model_resources_litert_lm.cc:67] model_type: TF_LITE_MTP_DRAFTER
05-20 23:03:23.362   908   922 I native  : I0000 00:00:1779332603.362496     922 model_resources_litert_lm.cc:68] litert model size: 45126160
05-20 23:03:23.370   908   922 I litert  : [magic_number_utils.cc:97] Loaded: num_subgraphs=30, num_signatures=1
05-20 23:03:23.370   908   922 I litert  : [magic_number_utils.cc:105]   signature=mtp_drafter, subgraph_index=0, num_tensors=285, num_inputs=8, num_outputs=2, num_ops=206
05-20 23:03:23.370   908   922 I litert  : [magic_number_utils.cc:109] Magic number configs: num_configs=1
05-20 23:03:23.370   908   922 I litert  : [magic_number_utils.cc:116]   config[0]: magic_number=32003, target_number=4096, signature_prefix=null
05-20 23:03:23.370   908   922 I litert  : [magic_number_utils.cc:425] 57 tensors of signature mtp_drafter have been updated for magic number  32003 to target number 4096
05-20 23:03:23.370   908   922 I litert  : [compiled_model.cc:719] Flatbuffer model initialized directly from incoming litert model.
05-20 23:03:23.376   908   922 I native  : I0000 00:00:1779332603.376379     922 delegate_opencl.cc:563] options->hint_waiting_for_completion: false
05-20 23:03:23.376   908   922 I native  : I0000 00:00:1779332603.376455     922 delegate_opencl.cc:565] options->kernel_batch_size: -1
05-20 23:03:23.458  1758  1772 E HeatmapThread: ECT Thread time in milliseconds: 1779332603
05-20 23:03:23.462  1758  1772 D HeatmapThread: !@ batteryplugType : 2
05-20 23:03:23.462  1758  1772 D HeatmapThread: !@ batteryLevel : 100  batteryTemperature : 315
05-20 23:03:23.462  1758  1772 D HeatmapThread: !@ Heatmap currtime: 29655543
05-20 23:03:23.462  1758  1772 D HeatmapThread: !@ Heatmap prevtime: 29655525
05-20 23:03:23.462  1758  1772 D HeatmapThread: !@ Heatmap plugstarttime: 29654553
05-20 23:03:23.462  1758  1772 D HeatmapThread: !@ Heatmap prevv_dsoh_update_time: 29655537
05-20 23:03:23.463  1758  1772 E HeatmapThread: !@ CAM New BSOH: 100
05-20 23:03:23.463  1758  1772 E HeatmapThread: !@ CAM is Working
05-20 23:03:23.571   908   922 I native  : I0000 00:00:1779332603.571139     922 delegate_kernel.cc:279] Total 6 external tensors are used for delegate inputs and outputs
05-20 23:03:23.571   908   922 I native  : I0000 00:00:1779332603.571255     922 delegate_kernel.cc:784] Initializing OpenCL-based API from serialized data.
05-20 23:03:23.654  2287  3020 I bauth_FPBAuthService: pcf : 0x1012, 0 ,1 ,0 ,0 ,0 ,0, 16.0.0.3
05-20 23:03:23.654  2287  3020 I bauth_FPBAuthService: thread id : 1, preenroll_flag : 0, nd cnt : 0, cso : 0, et : 0
05-20 23:03:23.654  2287  3020 I bauth_FPBAuthService: FPBAuthService::timerHandler complete
05-20 23:03:23.913   908   922 W native  : W0000 00:00:1779332603.913075     922 sampler_factory.cc:374] OpenCL sampler not available, falling back to statically linked C API: UNAVAILABLE: ERROR: [third_party/odml/litert_lm/runtime/components/sampler_factory.cc:294]
05-20 23:03:23.913   908   922 W native  : └ Could not load shared library libLiteRtTopKOpenClSampler.so: dlopen failed: library "libLiteRtTopKOpenClSampler.so" not found.
05-20 23:03:23.913   908   922 W native  : === Source Location Trace: ===
05-20 23:03:23.913   908   922 W native  : ./third_party/odml/litert/litert/cc/litert_macros.h:560
05-20 23:03:23.913   908   922 I native  : I0000 00:00:1779332603.913394     922 sampler_factory.cc:641] OpenCL sampler not available, falling back to other sampler options.
05-20 23:03:23.913   908   922 W native  : W0000 00:00:1779332603.913682     922 sampler_factory.cc:450] WebGPU sampler not available, falling back to statically linked C API: UNAVAILABLE: ERROR: [third_party/odml/litert_lm/runtime/components/sampler_factory.cc:294]
05-20 23:03:23.913   908   922 W native  : └ Could not load shared library libLiteRtTopKWebGpuSampler.so: dlopen failed: library "libLiteRtTopKWebGpuSampler.so" not found.
05-20 23:03:23.913   908   922 W native  : === Source Location Trace: ===
05-20 23:03:23.913   908   922 W native  : ./third_party/odml/litert/litert/cc/litert_macros.h:560
05-20 23:03:23.913   908   922 I native  : I0000 00:00:1779332603.913727     922 sampler_factory.cc:654] WebGPU sampler not available, falling back to other sampler options.
05-20 23:03:23.913   908   922 W native  : W0000 00:00:1779332603.913741     922 sampler_factory.cc:730] GPU sampler unavailable. Falling back to CPU sampling. To use GPU sampling, please make sure libLiteRtTopKWebGpuSampler.so or libLiteRtTopKOpenClSampler.so is available at LD_LIBRARY_PATH on device. You can find the shared library under prebuilt/
05-20 23:03:23.917   908   922 W native  : W0000 00:00:1779332603.917088     922 sampler_factory.cc:374] OpenCL sampler not available, falling back to statically linked C API: UNAVAILABLE: ERROR: [third_party/odml/litert_lm/runtime/components/sampler_factory.cc:294]
05-20 23:03:23.917   908   922 W native  : └ Could not load shared library libLiteRtTopKOpenClSampler.so: dlopen failed: library "libLiteRtTopKOpenClSampler.so" not found.
05-20 23:03:23.917   908   922 W native  : === Source Location Trace: ===
05-20 23:03:23.917   908   922 W native  : ./third_party/odml/litert/litert/cc/litert_macros.h:560
05-20 23:03:23.917   908   922 I native  : I0000 00:00:1779332603.917132     922 sampler_factory.cc:641] OpenCL sampler not available, falling back to other sampler options.
05-20 23:03:23.917   908   922 W native  : W0000 00:00:1779332603.917370     922 sampler_factory.cc:450] WebGPU sampler not available, falling back to statically linked C API: UNAVAILABLE: ERROR: [third_party/odml/litert_lm/runtime/components/sampler_factory.cc:294]
05-20 23:03:23.917   908   922 W native  : └ Could not load shared library libLiteRtTopKWebGpuSampler.so: dlopen failed: library "libLiteRtTopKWebGpuSampler.so" not found.
05-20 23:03:23.917   908   922 W native  : === Source Location Trace: ===
05-20 23:03:23.917   908   922 W native  : ./third_party/odml/litert/litert/cc/litert_macros.h:560
05-20 23:03:23.917   908   922 I native  : I0000 00:00:1779332603.917427     922 sampler_factory.cc:654] WebGPU sampler not available, falling back to other sampler options.
05-20 23:03:23.917   908   922 W native  : W0000 00:00:1779332603.917439     922 sampler_factory.cc:730] GPU sampler unavailable. Falling back to CPU sampling. To use GPU sampling, please make sure libLiteRtTopKWebGpuSampler.so or libLiteRtTopKOpenClSampler.so is available at LD_LIBRARY_PATH on device. You can find the shared library under prebuilt/
05-20 23:03:23.917   908   922 I native  : I0000 00:00:1779332603.917542     922 audio_litert_compiled_model_executor.cc:592] Max sequence length is not used for AudioLiteRtCompiledModelExecutor, which can handle variable length input.
05-20 23:03:23.917   908   922 I native  : I0000 00:00:1779332603.917583     922 litert_lm_loader.cc:183] LitertLmLoader::Initialize
05-20 23:03:23.917   908   922 I native  : I0000 00:00:1779332603.917657     922 litert_lm_loader.cc:206] mmap_status is ok
05-20 23:03:23.917   908   922 I native  : I0000 00:00:1779332603.917860     922 litert_lm_loader.cc:211] status: OK
05-20 23:03:23.917   908   922 I native  : I0000 00:00:1779332603.917888     922 litert_lm_loader.cc:212] major_version: 1
05-20 23:03:23.917   908   922 I native  : I0000 00:00:1779332603.917901     922 litert_lm_loader.cc:213] minor_version: 5
05-20 23:03:23.917   908   922 I native  : I0000 00:00:1779332603.917906     922 litert_lm_loader.cc:214] patch_version: 0
05-20 23:03:23.917   908   922 I native  : I0000 00:00:1779332603.917914     922 litert_lm_loader.cc:247] section_index: 0
05-20 23:03:23.917   908   922 I native  : I0000 00:00:1779332603.917921     922 litert_lm_loader.cc:248] section_data_type: LlmMetadataProto
05-20 23:03:23.917   908   922 I native  : I0000 00:00:1779332603.917927     922 litert_lm_loader.cc:250] section_begin_offset: 16384
05-20 23:03:23.917   908   922 I native  : I0000 00:00:1779332603.917934     922 litert_lm_loader.cc:251] section_end_offset: 28576
05-20 23:03:23.917   908   922 I native  : I0000 00:00:1779332603.917941     922 litert_lm_loader.cc:247] section_index: 1
05-20 23:03:23.917   908   922 I native  : I0000 00:00:1779332603.917947     922 litert_lm_loader.cc:248] section_data_type: SP_Tokenizer
05-20 23:03:23.917   908   922 I native  : I0000 00:00:1779332603.917953     922 litert_lm_loader.cc:250] section_begin_offset: 32768
05-20 23:03:23.917   908   922 I native  : I0000 00:00:1779332603.917959     922 litert_lm_loader.cc:251] section_end_offset: 4721781
05-20 23:03:23.917   908   922 I native  : I0000 00:00:1779332603.917967     922 litert_lm_loader.cc:100] model_type: tf_lite_embedder
05-20 23:03:23.917   908   922 I native  : I0000 00:00:1779332603.917973     922 litert_lm_loader.cc:247] section_index: 2
05-20 23:03:23.917   908   922 I native  : I0000 00:00:1779332603.917978     922 litert_lm_loader.cc:248] section_data_type: TFLiteModel
05-20 23:03:23.917   908   922 I native  : I0000 00:00:1779332603.917984     922 litert_lm_loader.cc:250] section_begin_offset: 4734976
05-20 23:03:23.917   908   922 I native  : I0000 00:00:1779332603.917990     922 litert_lm_loader.cc:251] section_end_offset: 175655560
05-20 23:03:23.918   908   922 I native  : I0000 00:00:1779332603.917998     922 litert_lm_loader.cc:100] model_type: tf_lite_per_layer_embedder
05-20 23:03:23.918   908   922 I native  : I0000 00:00:1779332603.918005     922 litert_lm_loader.cc:247] section_index: 3
05-20 23:03:23.918   908   922 I native  : I0000 00:00:1779332603.918011     922 litert_lm_loader.cc:248] section_data_type: TFLiteModel
05-20 23:03:23.918   908   922 I native  : I0000 00:00:1779332603.918017     922 litert_lm_loader.cc:250] section_begin_offset: 175669248
05-20 23:03:23.918   908   922 I native  : I0000 00:00:1779332603.918023     922 litert_lm_loader.cc:251] section_end_offset: 1012447760
05-20 23:03:23.918   908   922 I native  : I0000 00:00:1779332603.918029     922 litert_lm_loader.cc:100] model_type: tf_lite_audio_encoder_hw
05-20 23:03:23.918   908   922 I native  : I0000 00:00:1779332603.918036     922 litert_lm_loader.cc:230] section_backend_constraint: cpu
05-20 23:03:23.918   908   922 I native  : I0000 00:00:1779332603.918042     922 litert_lm_loader.cc:247] section_index: 4
05-20 23:03:23.918   908   922 I native  : I0000 00:00:1779332603.918047     922 litert_lm_loader.cc:248] section_data_type: TFLiteModel
05-20 23:03:23.918   908   922 I native  : I0000 00:00:1779332603.918053     922 litert_lm_loader.cc:250] section_begin_offset: 1012449280
05-20 23:03:23.918   908   922 I native  : I0000 00:00:1779332603.918058     922 litert_lm_loader.cc:251] section_end_offset: 1106501560
05-20 23:03:23.918   908   922 I native  : I0000 00:00:1779332603.918064     922 litert_lm_loader.cc:100] model_type: tf_lite_audio_adapter
05-20 23:03:23.918   908   922 I native  : I0000 00:00:1779332603.918069     922 litert_lm_loader.cc:230] section_backend_constraint: cpu
05-20 23:03:23.918   908   922 I native  : I0000 00:00:1779332603.918075     922 litert_lm_loader.cc:247] section_index: 5
05-20 23:03:23.918   908   922 I native  : I0000 00:00:1779332603.918081     922 litert_lm_loader.cc:248] section_data_type: TFLiteModel
05-20 23:03:23.918   908   922 I native  : I0000 00:00:1779332603.918087     922 litert_lm_loader.cc:250] section_begin_offset: 1106509824
05-20 23:03:23.918   908   922 I native  : I0000 00:00:1779332603.918091     922 litert_lm_loader.cc:251] section_end_offset: 1122242524
05-20 23:03:23.918   908   922 I native  : I0000 00:00:1779332603.918096     922 litert_lm_loader.cc:100] model_type: tf_lite_end_of_audio
05-20 23:03:23.918   908   922 I native  : I0000 00:00:1779332603.918102     922 litert_lm_loader.cc:247] section_index: 6
05-20 23:03:23.918   908   922 I native  : I0000 00:00:1779332603.918107     922 litert_lm_loader.cc:248] section_data_type: TFLiteModel
05-20 23:03:23.918   908   922 I native  : I0000 00:00:1779332603.918112     922 litert_lm_loader.cc:250] section_begin_offset: 1122254848
05-20 23:03:23.918   908   922 I native  : I0000 00:00:1779332603.918117     922 litert_lm_loader.cc:251] section_end_offset: 1122265716
05-20 23:03:23.918   908   922 I native  : I0000 00:00:1779332603.918122     922 litert_lm_loader.cc:100] model_type: tf_lite_vision_encoder
05-20 23:03:23.918   908   922 I native  : I0000 00:00:1779332603.918128     922 litert_lm_loader.cc:234] section_prefer_activation_type: fp16
05-20 23:03:23.918   908   922 I native  : I0000 00:00:1779332603.918133     922 litert_lm_loader.cc:247] section_index: 7
05-20 23:03:23.918   908   922 I native  : I0000 00:00:1779332603.918137     922 litert_lm_loader.cc:248] section_data_type: TFLiteModel
05-20 23:03:23.918   908   922 I native  : I0000 00:00:1779332603.918142     922 litert_lm_loader.cc:250] section_begin_offset: 1122271232
05-20 23:03:23.918   908   922 I native  : I0000 00:00:1779332603.918147     922 litert_lm_loader.cc:251] section_end_offset: 1346409168
05-20 23:03:23.918   908   922 I native  : I0000 00:00:1779332603.918153     922 litert_lm_loader.cc:100] model_type: tf_lite_vision_adapter
05-20 23:03:23.918   908   922 I native  : I0000 00:00:1779332603.918159     922 litert_lm_loader.cc:230] section_backend_constraint: cpu
05-20 23:03:23.918   908   922 I native  : I0000 00:00:1779332603.918165     922 litert_lm_loader.cc:247] section_index: 8
05-20 23:03:23.918   908   922 I native  : I0000 00:00:1779332603.918171     922 litert_lm_loader.cc:248] section_data_type: TFLiteModel
05-20 23:03:23.918   908   922 I native  : I0000 00:00:1779332603.918177     922 litert_lm_loader.cc:250] section_begin_offset: 1346420736
05-20 23:03:23.918   908   922 I native  : I0000 00:00:1779332603.918182     922 litert_lm_loader.cc:251] section_end_offset: 1354309392
05-20 23:03:23.918   908   922 I native  : I0000 00:00:1779332603.918188     922 litert_lm_loader.cc:100] model_type: tf_lite_end_of_vision
05-20 23:03:23.918   908   922 I native  : I0000 00:00:1779332603.918193     922 litert_lm_loader.cc:247] section_index: 9
05-20 23:03:23.918   908   922 I native  : I0000 00:00:1779332603.918198     922 litert_lm_loader.cc:248] section_data_type: TFLiteModel
05-20 23:03:23.918   908   922 I native  : I0000 00:00:1779332603.918203     922 litert_lm_loader.cc:250] section_begin_offset: 1354317824
05-20 23:03:23.918   908   922 I native  : I0000 00:00:1779332603.918208     922 litert_lm_loader.cc:251] section_end_offset: 1354328692
05-20 23:03:23.918   908   922 I native  : I0000 00:00:1779332603.918214     922 litert_lm_loader.cc:100] model_type: tf_lite_prefill_decode
05-20 23:03:23.918   908   922 I native  : I0000 00:00:1779332603.918219     922 litert_lm_loader.cc:234] section_prefer_activation_type: fp16
05-20 23:03:23.918   908   922 I native  : I0000 00:00:1779332603.918226     922 litert_lm_loader.cc:247] section_index: 10
05-20 23:03:23.918   908   922 I native  : I0000 00:00:1779332603.918234     922 litert_lm_loader.cc:248] section_data_type: TFLiteModel
05-20 23:03:23.918   908   922 I native  : I0000 00:00:1779332603.918241     922 litert_lm_loader.cc:250] section_begin_offset: 1354334208
05-20 23:03:23.918   908   922 I native  : I0000 00:00:1779332603.918246     922 litert_lm_loader.cc:251] section_end_offset: 3614377584
05-20 23:03:23.918   908   922 I native  : I0000 00:00:1779332603.918253     922 litert_lm_loader.cc:100] model_type: tf_lite_mtp_drafter
05-20 23:03:23.918   908   922 I native  : I0000 00:00:1779332603.918262     922 litert_lm_loader.cc:247] section_index: 11
05-20 23:03:23.918   908   922 I native  : I0000 00:00:1779332603.918267     922 litert_lm_loader.cc:248] section_data_type: TFLiteModel
05-20 23:03:23.918   908   922 I native  : I0000 00:00:1779332603.918273     922 litert_lm_loader.cc:250] section_begin_offset: 3614392320
05-20 23:03:23.918   908   922 I native  : I0000 00:00:1779332603.918279     922 litert_lm_loader.cc:251] section_end_offset: 3659518480
05-20 23:03:23.918   908   922 I native  : I0000 00:00:1779332603.918734     922 model_resources_litert_lm.cc:67] model_type: TF_LITE_AUDIO_ENCODER_HW
05-20 23:03:23.918   908   922 I native  : I0000 00:00:1779332603.918769     922 model_resources_litert_lm.cc:68] litert model size: 94052280
05-20 23:03:23.989   908   922 I native  : I0000 00:00:1779332603.989007     922 model_resources_litert_lm.cc:67] model_type: TF_LITE_AUDIO_ADAPTER
05-20 23:03:23.989   908   922 I native  : I0000 00:00:1779332603.989053     922 model_resources_litert_lm.cc:68] litert model size: 15732700
05-20 23:03:23.993   908   922 I native  : I0000 00:00:1779332603.993167     922 executor_settings_base.cc:351] Deleted 0 stale cache files.
05-20 23:03:23.993   908   922 I native  : I0000 00:00:1779332603.993219     922 litert_compiled_model_executor_utils.cc:513] .audio_encoder use cache path: /data/user/0/dev.anchildress1.vestige/cache/gemma-4-E4B-it.litertlm.static_audio_encoder.xnnpack_cache_1778303404_3659530240
05-20 23:03:23.993   908   922 I litert  : [magic_number_utils.cc:97] Loaded: num_subgraphs=1, num_signatures=1
05-20 23:03:23.993   908   922 I litert  : [magic_number_utils.cc:105]   signature=serving_default, subgraph_index=0, num_tensors=2530, num_inputs=2, num_outputs=2, num_ops=2182
05-20 23:03:23.993   908   922 I litert  : [magic_number_utils.cc:109] Magic number configs: num_configs=1
05-20 23:03:23.993   908   922 I litert  : [magic_number_utils.cc:116]   config[0]: magic_number=32003, target_number=4096, signature_prefix=null
05-20 23:03:23.993   908   922 I litert  : [compiled_model.cc:719] Flatbuffer model initialized directly from incoming litert model.
05-20 23:03:24.144  2619  3633 I SemWifiIntelligentTrainingManager: Tr. cond. check: false / 2 (2) / false / 0 (1)
05-20 23:03:24.285  2009  2009 I CNSS    : /sys/wifi/max_chipset_log_size doesn't exist
05-20 23:03:24.292  3969  4766 I EPDG -- SIM0 [SMARTWIFI]: isProfiling, hash=109464107, started=true
05-20 23:03:24.292  3969  4766 I EPDG -- SIM0 [SMARTWIFI]: isWifiRssiLessOrEqualsHandoverThreshold: received rssi is: -55 handover threshold is: -85
05-20 23:03:24.292  3969  4766 I EPDG -- SIM0 [SMARTWIFI]: isProfiling, hash=109464107, started=true
05-20 23:03:24.292  3969  4766 I EPDG -- SIM0 [SMARTWIFI]: Rssi : -55 highrange : -71 lowrange : -80 mIsRssiInHystersis : false
05-20 23:03:24.292  3969  4766 I EPDG -- SIM0 [SMARTWIFI]: isL2WHandoverProfilingRunning: returning: false
05-20 23:03:24.292  3969  4766 I EPDG -- SIM0 [SMARTWIFI]: No need to send L2WHandoverProfiling runnable
05-20 23:03:24.292  3969  4766 I EPDG -- SIM0 [SMARTWIFI]: getHandoverThresholdMet: value is: false
05-20 23:03:24.344   940   940 I lmkd    : 0(delay), 0(swap), 50(freelimit), 0(reentrymode) memory pressure events were skipped after a kill!
05-20 23:03:24.458  1758  1772 E HeatmapThread: ECT Thread time in milliseconds: 1779332604
05-20 23:03:24.460  1758  1772 D HeatmapThread: !@ batteryplugType : 2
05-20 23:03:24.460  1758  1772 D HeatmapThread: !@ batteryLevel : 100  batteryTemperature : 315
05-20 23:03:24.460  1758  1772 D HeatmapThread: !@ Heatmap currtime: 29655543
05-20 23:03:24.460  1758  1772 D HeatmapThread: !@ Heatmap prevtime: 29655525
05-20 23:03:24.460  1758  1772 D HeatmapThread: !@ Heatmap plugstarttime: 29654553
05-20 23:03:24.460  1758  1772 D HeatmapThread: !@ Heatmap prevv_dsoh_update_time: 29655537
05-20 23:03:24.460  1758  1772 E HeatmapThread: !@ CAM New BSOH: 100
05-20 23:03:24.460  1758  1772 E HeatmapThread: !@ CAM is Working
05-20 23:03:24.625   908   922 I native  : I0000 00:00:1779332604.625249     922 executor_settings_base.cc:351] Deleted 0 stale cache files.
05-20 23:03:24.625   908   922 I native  : I0000 00:00:1779332604.625360     922 litert_compiled_model_executor_utils.cc:513] .audio_adapter use cache path: /data/user/0/dev.anchildress1.vestige/cache/gemma-4-E4B-it.litertlm.audio_adapter.xnnpack_cache_1778303404_3659530240
05-20 23:03:24.625   908   922 I litert  : [magic_number_utils.cc:97] Loaded: num_subgraphs=1, num_signatures=1
05-20 23:03:24.625   908   922 I litert  : [magic_number_utils.cc:105]   signature=audio_adapter, subgraph_index=0, num_tensors=18, num_inputs=2, num_outputs=1, num_ops=11
05-20 23:03:24.625   908   922 I litert  : [magic_number_utils.cc:109] Magic number configs: num_configs=1
05-20 23:03:24.625   908   922 I litert  : [magic_number_utils.cc:116]   config[0]: magic_number=32003, target_number=4096, signature_prefix=null
05-20 23:03:24.625   908   922 I litert  : [compiled_model.cc:719] Flatbuffer model initialized directly from incoming litert model.
05-20 23:03:24.636  1654 10031 I sensors-hal: handle_sns_client_event:375, [0][326321] accel_sample [ 3.521,  1.690,  9.058] 1493410815306394
05-20 23:03:24.654  2287  3020 I bauth_FPBAuthService: pcf : 0x1012, 0 ,1 ,0 ,0 ,0 ,0, 16.0.0.3
05-20 23:03:24.654  2287  3020 I bauth_FPBAuthService: thread id : 1, preenroll_flag : 0, nd cnt : 0, cso : 0, et : 0
05-20 23:03:24.655  2287  3020 I bauth_FPBAuthService: FPBAuthService::timerHandler complete
05-20 23:03:24.669   908   922 I native  : I0000 00:00:1779332604.669778     922 audio_litert_compiled_model_executor.cc:678] AudioLiteRtCompiledModelExecutor created with encoder_shrinking_factor: 4
05-20 23:03:24.670   908   922 I native  : I0000 00:00:1779332604.670163     922 engine_settings.cc:101] The Main backend constraint is not set.
05-20 23:03:24.670   908   922 I native  : I0000 00:00:1779332604.670206     922 engine_settings.cc:98] The Audio backend constraint is matched: CPU
05-20 23:03:24.670   908   922 I native  : I0000 00:00:1779332604.670216     922 engine_settings.cc:433] The validated engine settings: EngineSettings:
05-20 23:03:24.670   908   922 I native  :   MainExecutorSettings: backend: GPU
05-20 23:03:24.670   908   922 I native  : backend_config:
05-20 23:03:24.670   908   922 I native  : max_top_k: 1
05-20 23:03:24.670   908   922 I native  :
05-20 23:03:24.670   908   922 I native  : max_tokens: 4096
05-20 23:03:24.670   908   922 I native  : activation_data_type: FLOAT16
05-20 23:03:24.670   908   922 I native  : max_num_images: 0
05-20 23:03:24.670   908   922 I native  : lora_rank: 0
05-20 23:03:24.670   908   922 I native  : cache_dir: /data/user/0/dev.anchildress1.vestige/cache
05-20 23:03:24.670   908   922 I native  : cache_file: Not set
05-20 23:03:24.670   908   922 I native  : litert_dispatch_lib_dir: Not set
05-20 23:03:24.670   908   922 I native  : model_assets: model_path: /data/local/tmp/gemma-4-E4B-it.litertlm
05-20 23:03:24.670   908   922 I native  : fake_weights_mode: FAKE_WEIGHTS_NONE
05-20 23:03:24.670   908   922 I native  :
05-20 23:03:24.670   908   922 I native  : advanced_settings: prefill_batch_sizes: []
05-20 23:03:24.670   908   922 I native  : num_output_candidates: 1
05-20 23:03:24.670   908   922 I native  : configure_magic_numbers: true
05-20 23:03:24.670   908   922 I native  : verify_magic_numbers: false
05-20 23:03:24.670   908   922 I native  : clear_kv_cache_before_prefill: true
05-20 23:03:24.670   908   922 I native  : num_logits_to_print_after_decode: 0
05-20 23:03:24.670   908   922 I native  : gpu_madvise_original_shared_tensors: true
05-20 23:03:24.670   908   922 I native  : is_benchmark: false
05-20 23:03:24.670   908   922 I native  : preferred_device_substr:
05-20 23:03:24.670   908   922 I native  : num_threads_to_upload: -1
05-20 23:03:24.670   908   922 I native  : num_threads_to_compile: -1
05-20 23:03:24.670   908   922 I native  : convert_weights_on_gpu: true
05-20 23:03:24.670   908   922 I native  : wait_for_weights_conversion_complete_in_benchmark: true
05-20 23:03:24.670   908   922 I native  : optimize_shader_compilation: true
05-20 23:03:24.670   908   922 I native  : cache_compiled_shaders_only: false
05-20 23:03:24.670   908   922 I native  : share_constant_tensors: true
05-20 23:03:24.670   908   922 I native  : sampler_handles_input: true
05-20 23:03:24.670   908   922 I native  : allow_src_quantized_fc_conv_ops: true
05-20 23:03:24.670   908   922 I native  : hint_waiting_for_completion: false
05-20 23:03:24.670   908   922 I native  : gpu_context_low_priority: Not set
05-20 23:03:24.670   908   922 I native  : enable_speculative_decoding: true
05-20 23:03:24.670   908   922 I native  : disable_delegate_clustering: true
05-20 23:03:24.670   908   922 I native  : hint_kernel_batch_size: Not set
05-20 23:03:24.670   908   922 I native  :
05-20 23:03:24.670   908   922 I native  :   LlmMetadata: MessageLite at 0x6d1f599f28  BenchmarkParams: Not set
05-20 23:03:24.670   908   922 I native  :   VisionExecutorSettings: Not set
05-20 23:03:24.670   908   922 I native  :   AudioExecutorSettings: AudioExecutorSettings:
05-20 23:03:24.670   908   922 I native  : ModelAssets: model_path: /data/local/tmp/gemma-4-E4B-it.litertlm
05-20 23:03:24.670   908   922 I native  : fake_weights_mode: FAKE_WEIGHTS_NONE
05-20 23:03:24.670   908   922 I native  :
05-20 23:03:24.670   908   922 I native  : MaxSequenceLength: 4096
05-20 23:03:24.670   908   922 I native  : Backend: CPU
05-20 23:03:24.670   908   922 I native  : BundledWithMainModel: true
05-20 23:03:24.670   908   922 I native  : NumThreads(CPU only): 4
05-20 23:03:24.670   908   922 I native  : AudioStreamingEnabled: false
05-20 23:03:24.670   908   922 I native  :   ParallelFileSectionLoading: true
05-20 23:03:24.670   908   922 I native  :   SingleThreadedExecution: false
05-20 23:03:24.670   908   922 I native  : I0000 00:00:1779332604.670262     922 threadpool.cc:41] ThreadPool 'engine': Running up to 1 threads.
05-20 23:03:24.678   908   922 D VestigeLiteRtLm: Engine initialized in 17974ms
05-20 23:03:24.692  2619  2867 I NSLocationMonitor: getGPSUsingApps() called
05-20 23:03:24.693  4907  9002 I NSLocationManager_FLP: getGPSUsingApps, No change
05-20 23:03:24.721   908   913 W ldress1.vestige: userfaultfd: MOVE ioctl seems unsupported: Connection timed out
05-20 23:03:24.782   908   922 I native  : I0000 00:00:1779332604.782260     922 model_data_processor_factory.cc:430] Creating Gemma4DataProcessor
05-20 23:03:24.782   908   922 W native  : W0000 00:00:1779332604.782386     922 mel_filterbank.cc:137] Missing 10 bands  starting at 0 in mel-frequency design. Perhaps too many channels or not enough frequency resolution in spectrum. (fft_length: 257 sample_rate: 16000 mel_channel_count: 128 lower_frequency_limit: 0 upper_frequency_limit: 8000
05-20 23:03:24.801   908   922 I native  : I0000 00:00:1779332604.800973     922 threadpool.cc:96] ThreadPool 'engine': Created a worker thread since all 0 worker threads are (supposed to be) busy.
05-20 23:03:25.146  9642  9642 D SV[79871053 NowPlayingActivity]: updateSurface: surface is not valid
05-20 23:03:25.146  9642  9642 I SV[79871053 NowPlayingActivity]: releaseSurfaces: viewRoot = VRI[NowPlayingActivity]@63ccfde
05-20 23:03:25.146  9642  9642 D VRI[NowPlayingActivity]@63ccfde: applyTransactionOnDraw applyImmediately
05-20 23:03:25.147  9642  9642 D SV[158737226 NowPlayingActivity]: updateSurface: surface is not valid
05-20 23:03:25.147  9642  9642 I SV[158737226 NowPlayingActivity]: releaseSurfaces: viewRoot = VRI[NowPlayingActivity]@63ccfde
05-20 23:03:25.147  9642  9642 D VRI[NowPlayingActivity]@63ccfde: applyTransactionOnDraw applyImmediately
05-20 23:03:25.158  1776  1776 I SurfaceFlinger: SFWD update time=1126024907135713
05-20 23:03:25.163  9642  9642 D SV[79871053 NowPlayingActivity]: updateSurface: surface is not valid
05-20 23:03:25.163  9642  9642 I SV[79871053 NowPlayingActivity]: releaseSurfaces: viewRoot = VRI[NowPlayingActivity]@63ccfde
05-20 23:03:25.163  9642  9642 D VRI[NowPlayingActivity]@63ccfde: applyTransactionOnDraw applyImmediately
05-20 23:03:25.163  9642  9642 D SV[158737226 NowPlayingActivity]: updateSurface: surface is not valid
05-20 23:03:25.163  9642  9642 I SV[158737226 NowPlayingActivity]: releaseSurfaces: viewRoot = VRI[NowPlayingActivity]@63ccfde
05-20 23:03:25.163  9642  9642 D VRI[NowPlayingActivity]@63ccfde: applyTransactionOnDraw applyImmediately
05-20 23:03:25.191  2619  3524 D InetDiagMessage: Destroyed 0 sockets, proto=IPPROTO_TCP, family=AF_INET, states=14
05-20 23:03:25.193  2619  3524 D InetDiagMessage: Destroyed 0 sockets, proto=IPPROTO_TCP, family=AF_INET6, states=14
05-20 23:03:25.193  2619  3524 D InetDiagMessage: Destroyed live tcp sockets for uids={10117} in 6ms
05-20 23:03:25.205  2619  3524 D InetDiagMessage: Destroyed 0 sockets, proto=IPPROTO_TCP, family=AF_INET, states=14
05-20 23:03:25.207  2619  3524 D InetDiagMessage: Destroyed 0 sockets, proto=IPPROTO_TCP, family=AF_INET6, states=14
05-20 23:03:25.207  2619  3524 D InetDiagMessage: Destroyed live tcp sockets for uids={20117} in 3ms
05-20 23:03:25.458  1758  1772 E HeatmapThread: ECT Thread time in milliseconds: 1779332605
05-20 23:03:25.460  1758  1772 D HeatmapThread: !@ batteryplugType : 2
05-20 23:03:25.460  1758  1772 D HeatmapThread: !@ batteryLevel : 100  batteryTemperature : 315
05-20 23:03:25.460  1758  1772 D HeatmapThread: !@ Heatmap currtime: 29655543
05-20 23:03:25.460  1758  1772 D HeatmapThread: !@ Heatmap prevtime: 29655525
05-20 23:03:25.460  1758  1772 D HeatmapThread: !@ Heatmap plugstarttime: 29654553
05-20 23:03:25.460  1758  1772 D HeatmapThread: !@ Heatmap prevv_dsoh_update_time: 29655537
05-20 23:03:25.460  1758  1772 E HeatmapThread: !@ CAM New BSOH: 100
05-20 23:03:25.460  1758  1772 E HeatmapThread: !@ CAM is Working
05-20 23:03:25.655  2287  3020 I bauth_FPBAuthService: pcf : 0x1012, 0 ,1 ,0 ,0 ,0 ,0, 16.0.0.3
05-20 23:03:25.655  2287  3020 I bauth_FPBAuthService: thread id : 1, preenroll_flag : 0, nd cnt : 0, cso : 0, et : 0
05-20 23:03:25.655  2287  3020 I bauth_FPBAuthService: FPBAuthService::timerHandler complete
05-20 23:03:26.458  1758  1772 E HeatmapThread: ECT Thread time in milliseconds: 1779332606
05-20 23:03:26.460  1758  1772 D HeatmapThread: !@ batteryplugType : 2
05-20 23:03:26.460  1758  1772 D HeatmapThread: !@ batteryLevel : 100  batteryTemperature : 315
05-20 23:03:26.460  1758  1772 D HeatmapThread: !@ Heatmap currtime: 29655543
05-20 23:03:26.460  1758  1772 D HeatmapThread: !@ Heatmap prevtime: 29655525
05-20 23:03:26.460  1758  1772 D HeatmapThread: !@ Heatmap plugstarttime: 29654553
05-20 23:03:26.460  1758  1772 D HeatmapThread: !@ Heatmap prevv_dsoh_update_time: 29655537
05-20 23:03:26.461  1758  1772 E HeatmapThread: !@ CAM New BSOH: 100
05-20 23:03:26.461  1758  1772 E HeatmapThread: !@ CAM is Working
05-20 23:03:26.625  1654 10031 I sensors-hal: handle_sns_client_event:375, [0][326416] accel_sample [ 3.545,  1.690,  9.048] 1493412817055925
05-20 23:03:26.655  2287  3020 I bauth_FPBAuthService: pcf : 0x1012, 0 ,1 ,0 ,0 ,0 ,0, 16.0.0.3
05-20 23:03:26.655  2287  3020 I bauth_FPBAuthService: thread id : 1, preenroll_flag : 0, nd cnt : 0, cso : 0, et : 0
05-20 23:03:26.655  2287  3020 I bauth_FPBAuthService: FPBAuthService::timerHandler complete
05-20 23:03:26.706   627   716 W m.samsung.euicc: userfaultfd: MOVE ioctl seems unsupported: Connection timed out
05-20 23:03:27.315  3969  4766 I EPDG -- SIM0 [SMARTWIFI]: isProfiling, hash=109464107, started=true
05-20 23:03:27.315  3969  4766 I EPDG -- SIM0 [SMARTWIFI]: isWifiRssiLessOrEqualsHandoverThreshold: received rssi is: -54 handover threshold is: -85
05-20 23:03:27.315  3969  4766 I EPDG -- SIM0 [SMARTWIFI]: isProfiling, hash=109464107, started=true
05-20 23:03:27.315  3969  4766 I EPDG -- SIM0 [SMARTWIFI]: Rssi : -54 highrange : -71 lowrange : -80 mIsRssiInHystersis : false
05-20 23:03:27.315  3969  4766 I EPDG -- SIM0 [SMARTWIFI]: isL2WHandoverProfilingRunning: returning: false
05-20 23:03:27.315  3969  4766 I EPDG -- SIM0 [SMARTWIFI]: No need to send L2WHandoverProfiling runnable
05-20 23:03:27.315  3969  4766 I EPDG -- SIM0 [SMARTWIFI]: getHandoverThresholdMet: value is: false
05-20 23:03:27.430  2009  2009 I CNSS    : No room for header1, 32bit timestamp and header2. count = 424, numbuf = 428
05-20 23:03:27.458  1758  1772 E HeatmapThread: ECT Thread time in milliseconds: 1779332607
05-20 23:03:27.459  1758  1772 D HeatmapThread: !@ batteryplugType : 2
05-20 23:03:27.460  1758  1772 D HeatmapThread: !@ batteryLevel : 100  batteryTemperature : 315
05-20 23:03:27.460  1758  1772 D HeatmapThread: !@ Heatmap currtime: 29655543
05-20 23:03:27.460  1758  1772 D HeatmapThread: !@ Heatmap prevtime: 29655525
05-20 23:03:27.460  1758  1772 D HeatmapThread: !@ Heatmap plugstarttime: 29654553
05-20 23:03:27.460  1758  1772 D HeatmapThread: !@ Heatmap prevv_dsoh_update_time: 29655537
05-20 23:03:27.460  1758  1772 E HeatmapThread: !@ CAM New BSOH: 100
05-20 23:03:27.460  1758  1772 E HeatmapThread: !@ CAM is Working
05-20 23:03:27.655  2287  3020 I bauth_FPBAuthService: pcf : 0x1012, 0 ,1 ,0 ,0 ,0 ,0, 16.0.0.3
05-20 23:03:27.655  2287  3020 I bauth_FPBAuthService: thread id : 1, preenroll_flag : 0, nd cnt : 0, cso : 0, et : 0
05-20 23:03:27.655  2287  3020 I bauth_FPBAuthService: FPBAuthService::timerHandler complete
05-20 23:03:27.700   908  1560 I native  : I0000 00:00:1779332607.700686    1560 session_basic.cc:395] RunPrefillAsync status: OK
05-20 23:03:27.700   908  1560 I native  : I0000 00:00:1779332607.700866    1560 session_basic.cc:515] RunDecodeAsync
05-20 23:03:28.458  1758  1772 E HeatmapThread: ECT Thread time in milliseconds: 1779332608
05-20 23:03:28.459  1758  1772 D HeatmapThread: !@ batteryplugType : 2
05-20 23:03:28.460  1758  1772 D HeatmapThread: !@ batteryLevel : 100  batteryTemperature : 315
05-20 23:03:28.460  1758  1772 D HeatmapThread: !@ Heatmap currtime: 29655543
05-20 23:03:28.460  1758  1772 D HeatmapThread: !@ Heatmap prevtime: 29655525
05-20 23:03:28.460  1758  1772 D HeatmapThread: !@ Heatmap plugstarttime: 29654553
05-20 23:03:28.460  1758  1772 D HeatmapThread: !@ Heatmap prevv_dsoh_update_time: 29655537
05-20 23:03:28.460  1758  1772 E HeatmapThread: !@ CAM New BSOH: 100
05-20 23:03:28.461  1758  1772 E HeatmapThread: !@ CAM is Working
05-20 23:03:28.601   908  1560 W native  : W0000 00:00:1779332608.601488    1560 sampler_factory.cc:374] OpenCL sampler not available, falling back to statically linked C API: UNAVAILABLE: ERROR: [third_party/odml/litert_lm/runtime/components/sampler_factory.cc:294]
05-20 23:03:28.601   908  1560 W native  : └ Could not load shared library libLiteRtTopKOpenClSampler.so: dlopen failed: library "libLiteRtTopKOpenClSampler.so" not found.
05-20 23:03:28.601   908  1560 W native  : === Source Location Trace: ===
05-20 23:03:28.601   908  1560 W native  : ./third_party/odml/litert/litert/cc/litert_macros.h:560
05-20 23:03:28.601   908  1560 I native  : I0000 00:00:1779332608.601800    1560 sampler_factory.cc:641] OpenCL sampler not available, falling back to other sampler options.
05-20 23:03:28.602   908  1560 W native  : W0000 00:00:1779332608.602558    1560 sampler_factory.cc:450] WebGPU sampler not available, falling back to statically linked C API: UNAVAILABLE: ERROR: [third_party/odml/litert_lm/runtime/components/sampler_factory.cc:294]
05-20 23:03:28.602   908  1560 W native  : └ Could not load shared library libLiteRtTopKWebGpuSampler.so: dlopen failed: library "libLiteRtTopKWebGpuSampler.so" not found.
05-20 23:03:28.602   908  1560 W native  : === Source Location Trace: ===
05-20 23:03:28.602   908  1560 W native  : ./third_party/odml/litert/litert/cc/litert_macros.h:560
05-20 23:03:28.602   908  1560 I native  : I0000 00:00:1779332608.602698    1560 sampler_factory.cc:654] WebGPU sampler not available, falling back to other sampler options.
05-20 23:03:28.602   908  1560 W native  : W0000 00:00:1779332608.602871    1560 sampler_factory.cc:730] GPU sampler unavailable. Falling back to CPU sampling. To use GPU sampling, please make sure libLiteRtTopKWebGpuSampler.so or libLiteRtTopKOpenClSampler.so is available at LD_LIBRARY_PATH on device. You can find the shared library under prebuilt/
05-20 23:03:28.632  1654 10031 I sensors-hal: handle_sns_client_event:375, [0][326511] accel_sample [ 3.533,  1.689,  9.061] 1493414818812280
05-20 23:03:28.655  2287  3020 I bauth_FPBAuthService: pcf : 0x1012, 0 ,1 ,0 ,0 ,0 ,0, 16.0.0.3
05-20 23:03:28.655  2287  3020 I bauth_FPBAuthService: thread id : 1, preenroll_flag : 0, nd cnt : 0, cso : 0, et : 0
05-20 23:03:28.655  2287  3020 I bauth_FPBAuthService: FPBAuthService::timerHandler complete
05-20 23:03:28.764   908   922 D VestigeForegroundInference: runForegroundCall persona=WITNESS ttft=4000ms
05-20 23:03:29.119 23876 23876 D WearableService: Creating wearable service asynchronously.
05-20 23:03:29.124 23876 24085 D WearableService: onGetService: waiting for onCreate to be completed.
05-20 23:03:29.159 23876 23898 I Wear_Controller: Wearable module requires a companion app to be installed.
05-20 23:03:29.159 23876 23898 I WearableService: onCreate: Wearable Services not starting. Wear is not available on this device.
05-20 23:03:29.160 23876 24085 W WearableService: onGetService: Wear is not available on this device. Calling package: com.spectrum.cm.headless
05-20 23:03:29.299  3763  3895 D AppOpsPrivacyItemMonitor: showLocationSystemApps  AppOpItem(Op code=1, UID=10290, AttributionTag=null, Package name=com.spectrum.cm.headless, Paused=false)
05-20 23:03:29.336  2619  3694 D NetdEventListenerService: DNS Requested by 160, 10290(com.spectrum.cm.headless), SUCCESS, 16ms
05-20 23:03:29.357  3763  3763 I SecKeyguardClockPositionAlgorithm: prepareClockContainerHeightChanging:
05-20 23:03:29.375  3763  3763 I PluginFaceWidgetManager: isEditMode = false
05-20 23:03:29.376  3763  3763 I NowBarItemManager: getVisibleList isScreenTurnedOn = false / aodShowState false shouldControlScreenOff false visibleList size = 0
05-20 23:03:29.392  3763  3763 I SecKeyguardClockPositionAlgorithm: prepareClockContainerHeightChanging:
05-20 23:03:29.393  3763  3763 I PluginFaceWidgetManager: isEditMode = false
05-20 23:03:29.393  3763  3763 I NowBarItemManager: getVisibleList isScreenTurnedOn = false / aodShowState false shouldControlScreenOff false visibleList size = 0
05-20 23:03:29.431  2619  3632 I SemWifiServiceDetector: Service det. resumed: T / T / 1492
05-20 23:03:29.432  3763  3763 D LightBarController: SKIP updateStatus (white icon) dreaming:true, keyguardVisible:true, goingToSleep:false
05-20 23:03:29.433  3763  3763 D AiAgentEffect: onPrivacyItemsChanged privacyItems.size = 1
05-20 23:03:29.433  3763  3763 D AiAgentEffect: onPrivacyItemsChanged privacyItems isEmpty or found item is null
05-20 23:03:29.458  1758  1772 E HeatmapThread: ECT Thread time in milliseconds: 1779332609
05-20 23:03:29.460  1758  1772 D HeatmapThread: !@ batteryplugType : 2
05-20 23:03:29.460  1758  1772 D HeatmapThread: !@ batteryLevel : 100  batteryTemperature : 315
05-20 23:03:29.461  1758  1772 D HeatmapThread: !@ Heatmap currtime: 29655543
05-20 23:03:29.461  1758  1772 D HeatmapThread: !@ Heatmap prevtime: 29655525
05-20 23:03:29.461  1758  1772 D HeatmapThread: !@ Heatmap plugstarttime: 29654553
05-20 23:03:29.461  1758  1772 D HeatmapThread: !@ Heatmap prevv_dsoh_update_time: 29655537
05-20 23:03:29.462  1758  1772 E HeatmapThread: !@ CAM New BSOH: 100
05-20 23:03:29.462  1758  1772 E HeatmapThread: !@ CAM is Working
05-20 23:03:29.655  2287  3020 I bauth_FPBAuthService: pcf : 0x1012, 0 ,1 ,0 ,0 ,0 ,0, 16.0.0.3
05-20 23:03:29.655  2287  3020 I bauth_FPBAuthService: thread id : 1, preenroll_flag : 0, nd cnt : 0, cso : 0, et : 0
05-20 23:03:29.655  2287  3020 I bauth_FPBAuthService: FPBAuthService::timerHandler complete
05-20 23:03:29.700  2619  2867 I NSLocationMonitor: getGPSUsingApps() called
05-20 23:03:29.701  4907  9002 I NSLocationManager_FLP: getGPSUsingApps, No change
05-20 23:03:30.322  3969  4766 I EPDG -- SIM0 [SMARTWIFI]: isProfiling, hash=109464107, started=true
05-20 23:03:30.322  3969  4766 I EPDG -- SIM0 [SMARTWIFI]: isWifiRssiLessOrEqualsHandoverThreshold: received rssi is: -50 handover threshold is: -85
05-20 23:03:30.322  3969  4766 I EPDG -- SIM0 [SMARTWIFI]: isProfiling, hash=109464107, started=true
05-20 23:03:30.322  3969  4766 I EPDG -- SIM0 [SMARTWIFI]: Rssi : -50 highrange : -71 lowrange : -80 mIsRssiInHystersis : false
05-20 23:03:30.323  3969  4766 I EPDG -- SIM0 [SMARTWIFI]: isL2WHandoverProfilingRunning: returning: false
05-20 23:03:30.323  3969  4766 I EPDG -- SIM0 [SMARTWIFI]: No need to send L2WHandoverProfiling runnable
05-20 23:03:30.323  3969  4766 I EPDG -- SIM0 [SMARTWIFI]: getHandoverThresholdMet: value is: false
05-20 23:03:30.458  1758  1772 E HeatmapThread: ECT Thread time in milliseconds: 1779332610
05-20 23:03:30.461  1758  1772 D HeatmapThread: !@ batteryplugType : 2
05-20 23:03:30.461  1758  1772 D HeatmapThread: !@ batteryLevel : 100  batteryTemperature : 315
05-20 23:03:30.461  1758  1772 D HeatmapThread: !@ Heatmap currtime: 29655543
05-20 23:03:30.461  1758  1772 D HeatmapThread: !@ Heatmap prevtime: 29655525
05-20 23:03:30.461  1758  1772 D HeatmapThread: !@ Heatmap plugstarttime: 29654553
05-20 23:03:30.461  1758  1772 D HeatmapThread: !@ Heatmap prevv_dsoh_update_time: 29655537
05-20 23:03:30.461  1758  1772 E HeatmapThread: !@ CAM New BSOH: 100
05-20 23:03:30.461  1758  1772 E HeatmapThread: !@ CAM is Working
05-20 23:03:30.543  1704  1750 E BatteryDump: !@new_battery_dump : 4321,-30,1925,3331,100,320,298,471,320,0,321,471,0,Full,NO_CHARGING,None,Good,PDIC,0,Normal,0,0,4616,0x20008000,0x10010000,0x0,0,0,0000,0000,ffff0700,0,0,0,0,497,4332,9885,983,0,
05-20 23:03:30.554  1715  1715 I seh_thermal_service: getTemperaturesWithType SehTemperatureType: 3
05-20 23:03:30.554  1704  1704 I sehhealth-service: updateLrpSysfs: write: 337
05-20 23:03:30.638  1654 10031 I sensors-hal: handle_sns_client_event:375, [0][326606] accel_sample [ 3.529,  1.696,  9.057] 1493416820575405
05-20 23:03:30.655  2287  3020 I bauth_FPBAuthService: pcf : 0x1012, 0 ,1 ,0 ,0 ,0 ,0, 16.0.0.3
05-20 23:03:30.656  2287  3020 I bauth_FPBAuthService: thread id : 1, preenroll_flag : 0, nd cnt : 0, cso : 0, et : 0
05-20 23:03:30.656  2287  3020 I bauth_FPBAuthService: FPBAuthService::timerHandler complete
05-20 23:03:31.138  9642  9642 D SV[79871053 NowPlayingActivity]: updateSurface: surface is not valid
05-20 23:03:31.138  9642  9642 I SV[79871053 NowPlayingActivity]: releaseSurfaces: viewRoot = VRI[NowPlayingActivity]@63ccfde
05-20 23:03:31.138  9642  9642 D VRI[NowPlayingActivity]@63ccfde: applyTransactionOnDraw applyImmediately
05-20 23:03:31.140  9642  9642 D SV[158737226 NowPlayingActivity]: updateSurface: surface is not valid
05-20 23:03:31.140  9642  9642 I SV[158737226 NowPlayingActivity]: releaseSurfaces: viewRoot = VRI[NowPlayingActivity]@63ccfde
05-20 23:03:31.140  9642  9642 D VRI[NowPlayingActivity]@63ccfde: applyTransactionOnDraw applyImmediately
05-20 23:03:31.158  9642  9642 D SV[79871053 NowPlayingActivity]: updateSurface: surface is not valid
05-20 23:03:31.158  9642  9642 I SV[79871053 NowPlayingActivity]: releaseSurfaces: viewRoot = VRI[NowPlayingActivity]@63ccfde
05-20 23:03:31.158  9642  9642 D VRI[NowPlayingActivity]@63ccfde: applyTransactionOnDraw applyImmediately
05-20 23:03:31.159  9642  9642 D SV[158737226 NowPlayingActivity]: updateSurface: surface is not valid
05-20 23:03:31.159  9642  9642 I SV[158737226 NowPlayingActivity]: releaseSurfaces: viewRoot = VRI[NowPlayingActivity]@63ccfde
05-20 23:03:31.159  9642  9642 D VRI[NowPlayingActivity]@63ccfde: applyTransactionOnDraw applyImmediately
05-20 23:03:31.458  1758  1772 E HeatmapThread: ECT Thread time in milliseconds: 1779332611
05-20 23:03:31.461  1758  1772 D HeatmapThread: !@ batteryplugType : 2
05-20 23:03:31.461  1758  1772 D HeatmapThread: !@ batteryLevel : 100  batteryTemperature : 320
05-20 23:03:31.461  1758  1772 D HeatmapThread: !@ Heatmap currtime: 29655543
05-20 23:03:31.461  1758  1772 D HeatmapThread: !@ Heatmap prevtime: 29655525
05-20 23:03:31.461  1758  1772 D HeatmapThread: !@ Heatmap plugstarttime: 29654553
05-20 23:03:31.461  1758  1772 D HeatmapThread: !@ Heatmap prevv_dsoh_update_time: 29655537
05-20 23:03:31.461  1758  1772 E HeatmapThread: !@ CAM New BSOH: 100
05-20 23:03:31.461  1758  1772 E HeatmapThread: !@ CAM is Working
05-20 23:03:31.656  2287  3020 I bauth_FPBAuthService: pcf : 0x1012, 0 ,1 ,0 ,0 ,0 ,0, 16.0.0.3
05-20 23:03:31.656  2287  3020 I bauth_FPBAuthService: thread id : 1, preenroll_flag : 0, nd cnt : 0, cso : 0, et : 0
05-20 23:03:31.656  2287  3020 I bauth_FPBAuthService: FPBAuthService::timerHandler complete
05-20 23:03:31.718   908  1559 D VestigeLiteRtLm: streamMessageContents completed in 6935ms (parts=1, emitted=273c)
05-20 23:03:31.719   908  1559 D VestigeForegroundInference: runForegroundCall persona=WITNESS elapsed=6955ms raw=273c
05-20 23:03:31.748   908   921 I VestigeSpinnerSmoke: no_prewarm spinner_ms=25035 model_elapsed_ms=6955 transcription_len=115 follow_up_len=103
05-20 23:03:31.773   908  1559 I native  : I0000 00:00:1779332611.773356    1559 model_data_processor_factory.cc:430] Creating Gemma4DataProcessor
05-20 23:03:31.773   908  1559 W native  : W0000 00:00:1779332611.773720    1559 mel_filterbank.cc:137] Missing 10 bands  starting at 0 in mel-frequency design. Perhaps too many channels or not enough frequency resolution in spectrum. (fft_length: 257 sample_rate: 16000 mel_channel_count: 128 lower_frequency_limit: 0 upper_frequency_limit: 8000
05-20 23:03:32.340  2619  2619 D SemWifiP2pGoPowerSave: GopsReceiver : received : com.samsung.intent.action.CHECK_SIOP_LEVEL
05-20 23:03:32.340  2619  2619 I SemWifiP2pGoPowerSave: siop_level = -1
05-20 23:03:32.351  1654  1654 I sensors-hal: set_config:64, no need to adjust sample_period_ns due to reporting_mode = 2
05-20 23:03:32.352  1654  1654 I sensors-hal: batch:363, android.sensor.light/51, period=200000000, max_latency=0 request completed
05-20 23:03:32.353  1654  1654 I sensors-hal: activate:300, android.sensor.light/51 en=1
05-20 23:03:32.354  1654  1654 I sensors-hal: acquire_qsh_interface:139, acquire_qsh_interface with sensor_id 30 , conn_type 0
05-20 23:03:32.354  1654  1654 I sensors-hal: acquire_qsh_interface:145, returning _shared_instance[SHARED_ON_CHANGE_NO_WAKEUP].conn - non-wakeup
05-20 23:03:32.354  1654  1654 I sensors-hal: acquire_shared_instance:173, re-use existing connection for type 0
05-20 23:03:32.356  1654  1654 I sensors-hal: register_cb:304, suid(low=3046173514946711665,high=5156882063447517846) is new. register callbacks
05-20 23:03:32.359  1654  1654 I sensors-hal: send_sensor_config_request:645, dt=ambient_light: convert sample_period=200000000 to batch_period=200000
05-20 23:03:32.360  1654  1654 I sensors-hal: send_sync_sensor_request:508, send sync request
05-20 23:03:32.360  1654  1654 I sensors-hal: send_sync_sensor_request:518, send_sync_sensor_request before send_request for ambient_light with SUID low=3046173514946711665 high=5156882063447517846
05-20 23:03:32.361  1654  1654 I sensors-hal: send_sync_sensor_request:537, wait for notification of response
05-20 23:03:32.363  1654  3721 I sensors-hal: qsh_conn_resp_cb:930, resp_value = 0 for ambient_light
05-20 23:03:32.363  1654  1654 I sensors-hal: send_sync_sensor_request:543, takes 1 ms to receive the response with 0
05-20 23:03:32.363  1654  1654 I sensors-hal: activate:330, android.sensor.light/51 en=1 completed
05-20 23:03:32.367  1654  1654 D SensorsFlicker: Als_common::setDelay, handle : 1 time : 10000000ns
05-20 23:03:32.369  1654  1654 D SensorsFlicker: Als_common::enable, handle : 1, mode : 1, en : 1
05-20 23:03:32.370  1654  1583 D SensorsFlicker: Als_common::sendCommand, send enable command
05-20 23:03:32.371  2619  5399 D SemContextService: lock : registerCallback
05-20 23:03:32.381  2619  5399 W CAE     : registerCallback(ContextAwareService.java:188) - [regi 01] Mutex is locked for TEST_FLAT_MOTION
05-20 23:03:32.381  2619  5399 W CAE     : registerCallback(ContextAwareService.java:195) - [regi 04]  com.samsung.android.contextaware.ContextAwareManager$CaListenerDelegate@f64a4ea
05-20 23:03:32.382  2619  5399 W CAE     : getListener(ListenerListManager.java:127) - [getListener1]  com.samsung.android.contextaware.ContextAwareManager$CaListenerDelegate@f64a4ea
05-20 23:03:32.382  2619  5399 W CAE     : getListener(ListenerListManager.java:128) - [getListener2]  com.samsung.android.contextaware.manager.ContextAwareService$Listener@ba984d5
05-20 23:03:32.382  2619  5399 V CAE     : start(ContextProvider.java:128)
05-20 23:03:32.383  2619  5399 V CAE     : clear(TestFlatMotionRunner.java:126)
05-20 23:03:32.383  2619  5399 V CAE     : enable(TestFlatMotionRunner.java:102)
05-20 23:03:32.385  2619  3494 D SensorService: setSContextDataLocked ints length 2 , byte length 4
05-20 23:03:32.386  2619  3494 D SensorService: setSContextDataLocked 17b1
05-20 23:03:32.387  1654  1654 I sensors-hal: inject_sensor_data:407, handle 1502 send inject
05-20 23:03:32.387  1654  1654 I sensors-hal: sendContextData:290, sensor hal 4, (0xb1, 0x17, 0x0, 0x0)
05-20 23:03:32.387  1654  1654 I sensors-hal: sendContextData:349, enable:177, handle:8, algo:25231360
05-20 23:03:32.387  1654  1654 I sensors-hal: is_restrict_mode:147, mode:normal
05-20 23:03:32.388  1654  1654 I sensors-hal: sendContextData:108, device_position 4
05-20 23:03:32.388  1654  1654 I sensors-hal: acquire_qsh_interface:139, acquire_qsh_interface with sensor_id 46 , conn_type 2
05-20 23:03:32.388  1654  1654 I sensors-hal: acquire_qsh_interface:149, returning _shared_instance[SHARED_SENSORHUBS].conn
05-20 23:03:32.388  1654  1654 I sensors-hal: acquire_shared_instance:173, re-use existing connection for type 2
05-20 23:03:32.389  1654  1654 I sensors-hal: register_cb:304, suid(low=11077485164857655296,high=1320970896291267344) is new. register callbacks
05-20 23:03:32.389  1654  1654 I sensors-hal: create_sensor_config_request:48, device_position create_sensor_config_request
05-20 23:03:32.389  1654  1654 I sensors-hal: send_sensor_config_request:645, dt=device_position: convert sample_period=0 to batch_period=0
05-20 23:03:32.389  1654  1654 I sensors-hal: send_sync_sensor_request:508, send sync request
05-20 23:03:32.390  1654  1654 I sensors-hal: send_sync_sensor_request:518, send_sync_sensor_request before send_request for device_position with SUID low=11077485164857655296 high=1320970896291267344
05-20 23:03:32.390  1654  1654 I sensors-hal: send_sync_sensor_request:537, wait for notification of response
05-20 23:03:32.390  1654  3492 I sensors-hal: qsh_conn_resp_cb:930, resp_value = 0 for device_position
05-20 23:03:32.391  1654  1654 I sensors-hal: send_sync_sensor_request:543, takes 0 ms to receive the response with 0
05-20 23:03:32.393  2619  5399 D CAE     : getFaultDetectionResult(TestFlatMotionRunner.java:139) - true
05-20 23:03:32.393  2619  5399 I CAE     : notifyCmdProcessResultObserver(ContextProvider.java:627) - CheckResult = 0, Cause = Success
05-20 23:03:32.394 12162 12162 I wpa_supplicant: nl80211: Vendor event: wiphy=0 vendor_id=0x1374 subcmd=182
05-20 23:03:32.395  2619  5399 D CAE     : doCommendProcess(ContextAwareService.java:396) - complete notify the operation result.
05-20 23:03:32.396  2619  5399 I CAE     : displayUsedCountForService(ContextAwareService.java:460) - totalCnt = 1, serviceCount = 1, subCollectionCount = 0
05-20 23:03:32.396  2619  5399 D CAE     : showListenerList(ContextAwareService.java:325) - ===== Context Aware Service List =====
05-20 23:03:32.396  2619  5399 I CAE     : showListenerList(ContextAwareService.java:334) - Listener : com.samsung.android.contextaware.manager.ContextAwareService$Listener@ba984d5, Service : ACTIVITY_TRACKER_CURRENT_INFO(1)
05-20 23:03:32.396  2619  5399 I CAE     : showListenerList(ContextAwareService.java:334) - Listener : com.samsung.android.contextaware.manager.ContextAwareService$Listener@ba984d5, Service : ACTIVITY_TRACKER_INTERRUPT(1)
05-20 23:03:32.396  2619  5399 I CAE     : showListenerList(ContextAwareService.java:334) - Listener : com.samsung.android.contextaware.manager.ContextAwareService$Listener@ba984d5, Service : ACTIVITY_TRACKER_BATCH(1)
05-20 23:03:32.397  2619  5399 I CAE     : showListenerList(ContextAwareService.java:334) - Listener : com.samsung.android.contextaware.manager.ContextAwareService$Listener@ba984d5, Service : PEDOMETER(1)
05-20 23:03:32.397  2619  5399 I CAE     : showListenerList(ContextAwareService.java:334) - Listener : com.samsung.android.contextaware.manager.ContextAwareService$Listener@ba984d5, Service : SLOCATION_RUNNER(1)
05-20 23:03:32.397  2619  5399 I CAE     : showListenerList(ContextAwareService.java:334) - Listener : com.samsung.android.contextaware.manager.ContextAwareService$Listener@ba984d5, Service : CH_LOC_TRIGGER(1)
05-20 23:03:32.397  2619  5399 I CAE     : showListenerList(ContextAwareService.java:334) - Listener : com.samsung.android.contextaware.manager.ContextAwareService$Listener@ba984d5, Service : FREE_FALL_DETECTION(1)
05-20 23:03:32.397  2619  5399 I CAE     : showListenerList(ContextAwareService.java:334) - Listener : com.samsung.android.contextaware.manager.ContextAwareService$Listener@ba984d5, Service : TEST_FLAT_MOTION(1)
05-20 23:03:32.397  2619  5399 I CAE     : showListenerList(ContextAwareService.java:334) - Listener : com.samsung.android.contextaware.manager.ContextAwareService$Listener@ba984d5, Service : PEDOMETER_CURRENT_INFO(1)
05-20 23:03:32.397  2619  5399 W CAE     : registerCallback(ContextAwareService.java:209) - [regi 02] Mutex is unlocked for TEST_FLAT_MOTION
05-20 23:03:32.397  2619  5399 E SemContext.CaeProvider: setAttribute() : attribute is null!
05-20 23:03:32.397  2619  5399 D SemContextService: 	.registerCallback : 8, client= com.sec.android.sdhms
05-20 23:03:32.397  2619  5399 D SemContextService: unlock : registerCallback
05-20 23:03:32.397  1656 12827 I WifiHAL : event received NL80211_CMD_VENDOR, vendor_id = 0x1374, subcmd = 0xb6
05-20 23:03:32.398  2140  2140 I cnss-daemon: nl80211 response handler invoked
05-20 23:03:32.399  2140  2140 I cnss-daemon: nl80211_response_handler: cmd 103, vendorID 4980, subcmd 182  received
05-20 23:03:32.399  2619  5399 E SensorService: BigData:Pakage) 5 already enabled.
05-20 23:03:32.400  2186 12828 D LOWI-9.0.1.74: [LOWI-Scan] wait_event:Wait done with Cmd 103
05-20 23:03:32.401  2186 12828 D LOWI-9.0.1.74: [LOWI-Scan] do_listen_events: Rcvd valid Netlink Cmd 0 Err 0
05-20 23:03:32.402  7085  8044 I SemDvfsHyPerManager: acquire hyper - SIOP_ARM_MAX/7085@3, type = 301993986
05-20 23:03:32.404  1659  1684 I HYPER-HAL: [RequestManager.cpp]acquire(): Acquired ID : 25123419  [7085 / 3]    HINT :      list : [CPUMaxFreq / 3052800]
05-20 23:03:32.406  1654  3721 I sensors-hal: qsh_conn_event_cb:857, SCHED_FIFO(10) for qmi_cbk
05-20 23:03:32.406  1654  3721 I sensors-hal: handle_sns_std_sensor_event:131, [SSC_LIGHT] A: 11(11),c:0,b:0,m:0,cl:0,l:11,s:-1,l0:2112,l1:0,s0:0,s1:0,acl:1,opr:0.00,f(r):79,u(bl):79,if:0,wi:2,si:0,po:156(N:0)
05-20 23:03:32.449  1654  1654 D SensorsFlicker: Als_common::setDelay, handle : 1 time : 10000000ns
05-20 23:03:32.452  1654  1654 D SensorsFlicker: Als_common::enable, handle : 1, mode : 1, en : 0
05-20 23:03:32.453  1654  1587 D SensorsFlicker: Als_common::sendCommand, send disable command
05-20 23:03:32.458  1758  1772 E HeatmapThread: ECT Thread time in milliseconds: 1779332612
05-20 23:03:32.463  1758  1772 D HeatmapThread: !@ batteryplugType : 2
05-20 23:03:32.463  1758  1772 D HeatmapThread: !@ batteryLevel : 100  batteryTemperature : 320
05-20 23:03:32.463  1758  1772 D HeatmapThread: !@ Heatmap currtime: 29655543
05-20 23:03:32.463  1758  1772 D HeatmapThread: !@ Heatmap prevtime: 29655525
05-20 23:03:32.463  1758  1772 D HeatmapThread: !@ Heatmap plugstarttime: 29654553
05-20 23:03:32.464  1758  1772 D HeatmapThread: !@ Heatmap prevv_dsoh_update_time: 29655537
05-20 23:03:32.464  1758  1772 E HeatmapThread: !@ CAM New BSOH: 100
05-20 23:03:32.464  1758  1772 E HeatmapThread: !@ CAM is Working
05-20 23:03:32.526  1654  3492 I sensors-hal: qsh_conn_event_cb:857, SCHED_FIFO(10) for qmi_cbk
05-20 23:03:32.533  1654  3492 I sensors-hal: qsh_conn_event_cb:890, event[0] sensor:device_position  Wakeup, msg_id=1025, ts=28673746326450
05-20 23:03:32.533  1654  3492 I sensors-hal: handle_sns_client_event:78, device_position_event: msgid:1025
05-20 23:03:32.533  1654  3492 I sensors-hal: handle_sns_client_event:97, device_position_event: 3
05-20 23:03:32.551  2619  3494 D SensorService: setSContextDataLocked ints length 3 , byte length 5
05-20 23:03:32.551  2619  3494 D SensorService: setSContextDataLocked 3030ec1
05-20 23:03:32.552  1654  1654 I sensors-hal: inject_sensor_data:407, handle 1502 send inject
05-20 23:03:32.552  1654  1654 I sensors-hal: sendContextData:290, sensor hal 5, (0xc1, 0xe, 0x3, 0x3)
05-20 23:03:32.553  1654  1654 I sensors-hal: sendContextData:230, activities 5 c1, 1
05-20 23:03:32.553  1654  1654 I sensors-hal: sendUserData:251, Activities cmd 0xc1 0xe
05-20 23:03:32.554  1654  1654 I sensors-hal: sendUserData:265, Activities system time h 3 m 3 s 32
05-20 23:03:32.554  1654  1654 I sensors-hal: create_send_context_data:80, sending create_send_context_data
05-20 23:03:32.554  1654  1654 I sensors-hal: send_context_data:694, activities, 4914309220830019584, 1320970896291267344, msgid:700
05-20 23:03:32.554  1654  1654 I sensors-hal: sendContextData:114, common_info 5
05-20 23:03:32.555  1654  1654 I sensors-hal: sendUserData:137, CommonInfo 0xc1 0xe 0x3 0x3
05-20 23:03:32.555  1654  1654 I sensors-hal: create_send_context_data:70, sending create_send_context_data
05-20 23:03:32.555  1654  1654 I sensors-hal: send_context_data:694, common_info, 4914309147815575552, 1320970896291267344, msgid:700
05-20 23:03:32.555  1654  3492 I sensors-hal: qsh_conn_resp_cb:930, resp_value = 0 for activities
05-20 23:03:32.555  2619  3490 D CAE     : onGetSensorHubData(SensorHubParserProvider.java:92) - onGetSensorHubData Event [event buffer len :4], AP_SLEEP
05-20 23:03:32.556  1654  3492 I sensors-hal: qsh_conn_resp_cb:930, resp_value = 0 for common_info
05-20 23:03:32.556  2619  3490 I CAE     : parse(SensorHubParserProvider.java:188) - buffer size = 4
05-20 23:03:32.556  2619  3490 I CAE     : parse(SensorHubParserProvider.java:199) - 1, 1, 23, 3,
05-20 23:03:32.556  2619  3490 D CAE     : display(ContextProvider.java:375) - ================= TEST_FLAT_MOTION =================
05-20 23:03:32.557  2619  3490 I CAE     : display(ContextProvider.java:391) - Action=[3]
05-20 23:03:32.558  2619  3487 D SemContextService: Service.updateContext() : service = Device Position
05-20 23:03:32.562  2619  3833 D SemContextService: lock : unregisterCallback
05-20 23:03:32.562  2619  3833 D SemContextService: Service.removeListenerLocked() : listener = com.samsung.android.hardware.context.SemContextService$Listener@f99f571, service = Device Position, used = 0
05-20 23:03:32.563  2619  3833 W CAE     : unregisterCallback(ContextAwareService.java:230) - [unregi 01] Mutex is locked for TEST_FLAT_MOTION
05-20 23:03:32.564  2619  3833 W CAE     : getListener(ListenerListManager.java:127) - [getListener1]  com.samsung.android.contextaware.ContextAwareManager$CaListenerDelegate@f64a4ea
05-20 23:03:32.564  2619  3833 W CAE     : getListener(ListenerListManager.java:128) - [getListener2]  com.samsung.android.contextaware.manager.ContextAwareService$Listener@ba984d5
05-20 23:03:32.564  2619  3833 V CAE     : stop(ContextProvider.java:155)
05-20 23:03:32.565  2619  3833 V CAE     : clear(TestFlatMotionRunner.java:126)
05-20 23:03:32.565  2619  3833 V CAE     : disable(TestFlatMotionRunner.java:115)
05-20 23:03:32.565  2619  3494 D SensorService: setSContextDataLocked ints length 2 , byte length 4
05-20 23:03:32.566  2619  3494 D SensorService: setSContextDataLocked 17b2
05-20 23:03:32.566  1654  1654 I sensors-hal: inject_sensor_data:407, handle 1502 send inject
05-20 23:03:32.566  1654  1654 I sensors-hal: sendContextData:290, sensor hal 4, (0xb2, 0x17, 0x0, 0x0)
05-20 23:03:32.566  1654  1654 I sensors-hal: sendContextData:349, enable:178, handle:8, algo:25231616
05-20 23:03:32.566  1654  1654 I sensors-hal: sendContextData:108, device_position 4
05-20 23:03:32.566  1654  1654 I sensors-hal: send_sync_sensor_request:508, send sync request
05-20 23:03:32.566  1654  1654 I sensors-hal: send_sync_sensor_request:518, send_sync_sensor_request before send_request for device_position with SUID low=11077485164857655296 high=1320970896291267344
05-20 23:03:32.566  1654  1654 I sensors-hal: send_sync_sensor_request:537, wait for notification of response
05-20 23:03:32.567  1654  3492 I sensors-hal: qsh_conn_resp_cb:930, resp_value = 0 for device_position
05-20 23:03:32.567  1654  1654 I sensors-hal: send_sync_sensor_request:543, takes 0 ms to receive the response with 0
05-20 23:03:32.568  2619  3833 D CAE     : getFaultDetectionResult(TestFlatMotionRunner.java:139) - true
05-20 23:03:32.568  2619  3833 I CAE     : notifyCmdProcessResultObserver(ContextProvider.java:627) - CheckResult = 0, Cause = Success
05-20 23:03:32.569  2619  3833 D CAE     : doCommendProcess(ContextAwareService.java:396) - complete notify the operation result.
05-20 23:03:32.569  2619  3833 I CAE     : displayUsedCountForService(ContextAwareService.java:460) - totalCnt = 0, serviceCount = 0, subCollectionCount = 0
05-20 23:03:32.569  2619  3833 D CAE     : showListenerList(ContextAwareService.java:325) - ===== Context Aware Service List =====
05-20 23:03:32.570  2619  3833 I CAE     : showListenerList(ContextAwareService.java:334) - Listener : com.samsung.android.contextaware.manager.ContextAwareService$Listener@ba984d5, Service : ACTIVITY_TRACKER_CURRENT_INFO(1)
05-20 23:03:32.570  2619  3833 I CAE     : showListenerList(ContextAwareService.java:334) - Listener : com.samsung.android.contextaware.manager.ContextAwareService$Listener@ba984d5, Service : ACTIVITY_TRACKER_INTERRUPT(1)
05-20 23:03:32.570  2619  3833 I CAE     : showListenerList(ContextAwareService.java:334) - Listener : com.samsung.android.contextaware.manager.ContextAwareService$Listener@ba984d5, Service : ACTIVITY_TRACKER_BATCH(1)
05-20 23:03:32.570  2619  3833 I CAE     : showListenerList(ContextAwareService.java:334) - Listener : com.samsung.android.contextaware.manager.ContextAwareService$Listener@ba984d5, Service : PEDOMETER(1)
05-20 23:03:32.570  2619  3833 I CAE     : showListenerList(ContextAwareService.java:334) - Listener : com.samsung.android.contextaware.manager.ContextAwareService$Listener@ba984d5, Service : SLOCATION_RUNNER(1)
05-20 23:03:32.570  2619  3833 I CAE     : showListenerList(ContextAwareService.java:334) - Listener : com.samsung.android.contextaware.manager.ContextAwareService$Listener@ba984d5, Service : CH_LOC_TRIGGER(1)
05-20 23:03:32.570  2619  3833 I CAE     : showListenerList(ContextAwareService.java:334) - Listener : com.samsung.android.contextaware.manager.ContextAwareService$Listener@ba984d5, Service : FREE_FALL_DETECTION(1)
05-20 23:03:32.570  2619  3833 I CAE     : showListenerList(ContextAwareService.java:334) - Listener : com.samsung.android.contextaware.manager.ContextAwareService$Listener@ba984d5, Service : PEDOMETER_CURRENT_INFO(1)
05-20 23:03:32.570  2619  3833 W CAE     : unregisterCallback(ContextAwareService.java:251) - [unregi 02] Mutex is unlocked for TEST_FLAT_MOTION
05-20 23:03:32.570  2619  3833 D SemContextService: 	.unregisterCallback : 8, client= com.sec.android.sdhms
05-20 23:03:32.571  2619  3833 D SemContextService: unlock : unregisterCallback
05-20 23:03:32.644  1654 10031 I sensors-hal: handle_sns_client_event:375, [0][326701] accel_sample [ 3.549,  1.687,  9.063] 1493418822346863
05-20 23:03:32.656  2287  3020 I bauth_FPBAuthService: pcf : 0x1012, 0 ,1 ,0 ,0 ,0 ,0, 16.0.0.3
05-20 23:03:32.657  2287  3020 I bauth_FPBAuthService: thread id : 1, preenroll_flag : 0, nd cnt : 0, cso : 0, et : 0
05-20 23:03:32.657  2287  3020 I bauth_FPBAuthService: FPBAuthService::timerHandler complete
05-20 23:03:32.693  9642  9642 D SV[79871053 NowPlayingActivity]: updateSurface: surface is not valid
05-20 23:03:32.693  9642  9642 I SV[79871053 NowPlayingActivity]: releaseSurfaces: viewRoot = VRI[NowPlayingActivity]@63ccfde
05-20 23:03:32.693  9642  9642 D VRI[NowPlayingActivity]@63ccfde: applyTransactionOnDraw applyImmediately
05-20 23:03:32.694  9642  9642 D SV[158737226 NowPlayingActivity]: updateSurface: surface is not valid
05-20 23:03:32.694  9642  9642 I SV[158737226 NowPlayingActivity]: releaseSurfaces: viewRoot = VRI[NowPlayingActivity]@63ccfde
05-20 23:03:32.694  9642  9642 D VRI[NowPlayingActivity]@63ccfde: applyTransactionOnDraw applyImmediately
05-20 23:03:32.709  9642  9642 D SV[79871053 NowPlayingActivity]: updateSurface: surface is not valid
05-20 23:03:32.710  9642  9642 I SV[79871053 NowPlayingActivity]: releaseSurfaces: viewRoot = VRI[NowPlayingActivity]@63ccfde
05-20 23:03:32.710  9642  9642 D VRI[NowPlayingActivity]@63ccfde: applyTransactionOnDraw applyImmediately
05-20 23:03:32.710  9642  9642 D SV[158737226 NowPlayingActivity]: updateSurface: surface is not valid
05-20 23:03:32.710  9642  9642 I SV[158737226 NowPlayingActivity]: releaseSurfaces: viewRoot = VRI[NowPlayingActivity]@63ccfde
05-20 23:03:32.710  9642  9642 D VRI[NowPlayingActivity]@63ccfde: applyTransactionOnDraw applyImmediately
05-20 23:03:33.071  5047  5288 I ThermalEngine: ACTION: GPU - Setting GPU[0] to 2
05-20 23:03:33.329  3969  4766 I EPDG -- SIM0 [SMARTWIFI]: isProfiling, hash=109464107, started=true
05-20 23:03:33.329  3969  4766 I EPDG -- SIM0 [SMARTWIFI]: isWifiRssiLessOrEqualsHandoverThreshold: received rssi is: -49 handover threshold is: -85
05-20 23:03:33.329  3969  4766 I EPDG -- SIM0 [SMARTWIFI]: isProfiling, hash=109464107, started=true
05-20 23:03:33.329  3969  4766 I EPDG -- SIM0 [SMARTWIFI]: Rssi : -49 highrange : -71 lowrange : -80 mIsRssiInHystersis : false
05-20 23:03:33.329  3969  4766 I EPDG -- SIM0 [SMARTWIFI]: isL2WHandoverProfilingRunning: returning: false
05-20 23:03:33.329  3969  4766 I EPDG -- SIM0 [SMARTWIFI]: No need to send L2WHandoverProfiling runnable
05-20 23:03:33.329  3969  4766 I EPDG -- SIM0 [SMARTWIFI]: getHandoverThresholdMet: value is: false
05-20 23:03:33.458  1758  1772 E HeatmapThread: ECT Thread time in milliseconds: 1779332613
05-20 23:03:33.460  1758  1772 D HeatmapThread: !@ batteryplugType : 2
05-20 23:03:33.460  1758  1772 D HeatmapThread: !@ batteryLevel : 100  batteryTemperature : 320
05-20 23:03:33.460  1758  1772 D HeatmapThread: !@ Heatmap currtime: 29655543
05-20 23:03:33.461  1758  1772 D HeatmapThread: !@ Heatmap prevtime: 29655525
05-20 23:03:33.461  1758  1772 D HeatmapThread: !@ Heatmap plugstarttime: 29654553
05-20 23:03:33.461  1758  1772 D HeatmapThread: !@ Heatmap prevv_dsoh_update_time: 29655537
05-20 23:03:33.461  1758  1772 E HeatmapThread: !@ CAM New BSOH: 100
05-20 23:03:33.461  1758  1772 E HeatmapThread: !@ CAM is Working
05-20 23:03:33.658  2287  3020 I bauth_FPBAuthService: pcf : 0x1012, 0 ,1 ,0 ,0 ,0 ,0, 16.0.0.3
05-20 23:03:33.658  2287  3020 I bauth_FPBAuthService: thread id : 1, preenroll_flag : 0, nd cnt : 0, cso : 0, et : 0
05-20 23:03:33.658  2287  3020 I bauth_FPBAuthService: FPBAuthService::timerHandler complete
05-20 23:03:33.664  2619  3632 I SemWifiServiceDetector: NSD results: [0, 1, 1, 0, 1, 0, 2, 0, 0] Traff. type 1 Thr 406
05-20 23:03:33.678  2619  3640 D SemWifiOptimizer: enable=1 state=0x10 prev=0x00 new=0x10 force=0 mode=2
05-20 23:03:33.712 14469 14999 I bt_shim_scanner: system/main/shim/le_scanning_manager.cc:151 Scan: in shim layer stopped
05-20 23:03:33.716 14469 14733 W bluetooth: system/gd/hci/le_scanning_manager.cc:716 scan: address_manager_registered_
05-20 23:03:33.718 14469 14733 W bluetooth: system/gd/hci/le_scanning_manager.cc:768 stop_scan: stop_scan
05-20 23:03:33.723 14469 14733 I bluetooth: system/gd/hci/le_address_manager.cc:278 unregister_client: Client unregistered
05-20 23:03:33.730 14469 14999 I bt_shim_scanner: system/main/shim/le_scanning_manager.cc:335 SetScanParameters: in shim layer, scannerId1m=4, scannerIdCoded=0
05-20 23:03:33.731 14469 14999 W bt_shim_scanner: system/main/shim/le_scanning_manager.cc:365 SetScanParameters: Set scan params scan_int_1m : 585, scan_win_1m : 30, Duty : 5.13% | scan_int_coded : 0, scan_win_coded : 0, Duty : nan%
05-20 23:03:33.732 14469 14999 I bt_shim_scanner: system/main/shim/le_scanning_manager.cc:151 Scan: in shim layer started
05-20 23:03:33.740  1649  1649 D vendor.qti.bluetooth@1.1-ibs_handler: SerialClockVote: vote for UART CLK ON
05-20 23:03:33.743  1649  1649 D vendor.qti.bluetooth@1.1-wake_lock: Acquire wakelock is acquired
05-20 23:03:33.743  1649  1649 I vendor.qti.bluetooth@1.1-ibs_handler: DeviceWakeUp: Writing IBS_WAKE_IND
05-20 23:03:33.748  1649 14975 I vendor.qti.bluetooth@1.1-ibs_handler: ProcessIbsCmd: Received IBS_WAKE_ACK: 0xFC
05-20 23:03:33.748  1649 14975 I vendor.qti.bluetooth@1.1-ibs_handler: ProcessIbsCmd: Signal wack_cond_
05-20 23:03:33.748  1649  1649 D vendor.qti.bluetooth@1.1-ibs_handler: DeviceWakeUp: Unblocked from waiting for FC, pthread_cond_timedwait ret = 0
05-20 23:03:33.750  1649 14975 I vendor.qti.bluetooth@1.1-ibs_handler: ProcessIbsCmd: Received IBS_WAKE_IND: 0xFD
05-20 23:03:33.750  1649 14975 I vendor.qti.bluetooth@1.1-ibs_handler: ProcessIbsCmd: Writing IBS_WAKE_ACK
05-20 23:03:33.759 14469 14733 I bluetooth: system/gd/hci/le_scanning_manager.cc:765 stop_scan: Scanning already stopped, return!
05-20 23:03:33.760 14469 14981 E ScanController: app.mCallback Null scannerId = 4
05-20 23:03:33.760 14469 14981 E ScanController: Scan app or callback is null for scannerId = 4
05-20 23:03:33.761 14469 14733 W bluetooth: system/gd/hci/le_scanning_manager.cc:732 start_scan: start_scan
05-20 23:03:33.761 14469 14733 W bluetooth: system/gd/hci/le_scanning_manager.cc:735 start_scan: Register address manager
05-20 23:03:33.761 14469 14733 I bluetooth: system/gd/hci/le_address_manager.cc:263 register_client: Client registered
05-20 23:03:33.822  1649 14975 I vendor.qti.bluetooth@1.1-ibs_handler: ProcessIbsCmd: Received IBS_SLEEP_IND: 0xFE
05-20 23:03:33.896   908  1560 I native  : I0000 00:00:1779332613.896037    1560 session_basic.cc:395] RunPrefillAsync status: OK
05-20 23:03:33.896   908  1560 I native  : I0000 00:00:1779332613.896575    1560 session_basic.cc:515] RunDecodeAsync
05-20 23:03:34.010 22810 15835 D RadiantEventRepository: Stored Radiant event: PeriodicWifiDataUsage|1779332614005
05-20 23:03:34.102 22810 27362 D Radiant : Save datum: count=52553, size=4033220
05-20 23:03:34.102 22810 27362 D RadiantEventRepository: Last db check time: 2005248169.
05-20 23:03:34.341  1654  1654 I sensors-hal: set_config:64, no need to adjust sample_period_ns due to reporting_mode = 2
05-20 23:03:34.341  1654  1654 I sensors-hal: batch:363, android.sensor.light/51, period=200000000, max_latency=0 request completed
05-20 23:03:34.343  2619  3833 E SensorService: BigData:Pakage) 5 already disabled.
05-20 23:03:34.344  1654  1654 I sensors-hal: activate:300, android.sensor.light/51 en=0
05-20 23:03:34.344  1654  1654 I sensors-hal: send_sync_sensor_request:508, send sync request
05-20 23:03:34.344  1654  1654 I sensors-hal: send_sync_sensor_request:518, send_sync_sensor_request before send_request for ambient_light with SUID low=3046173514946711665 high=5156882063447517846
05-20 23:03:34.345  1654  1654 I sensors-hal: send_sync_sensor_request:537, wait for notification of response
05-20 23:03:34.346  1654  3721 I sensors-hal: qsh_conn_resp_cb:930, resp_value = 0 for ambient_light
05-20 23:03:34.346  1654  1654 I sensors-hal: send_sync_sensor_request:543, takes 1 ms to receive the response with 0
05-20 23:03:34.347  1654  1654 I sensors-hal: activate:330, android.sensor.light/51 en=0 completed
05-20 23:03:34.415  2009  2009 I CNSS    : /sys/wifi/max_chipset_log_size doesn't exist
05-20 23:03:34.457  3763  3763 D AiAgentEffect: onPrivacyItemsChanged privacyItems.size = 0
05-20 23:03:34.457  3763  3763 D AiAgentEffect: onPrivacyItemsChanged privacyItems isEmpty or found item is null
05-20 23:03:34.458  1758  1772 E HeatmapThread: ECT Thread time in milliseconds: 1779332614
05-20 23:03:34.461  1758  1772 D HeatmapThread: !@ batteryplugType : 2
05-20 23:03:34.461  1758  1772 D HeatmapThread: !@ batteryLevel : 100  batteryTemperature : 320
05-20 23:03:34.461  1758  1772 D HeatmapThread: !@ Heatmap currtime: 29655543
05-20 23:03:34.461  1758  1772 D HeatmapThread: !@ Heatmap prevtime: 29655525
05-20 23:03:34.461  1758  1772 D HeatmapThread: !@ Heatmap plugstarttime: 29654553
05-20 23:03:34.461  1758  1772 D HeatmapThread: !@ Heatmap prevv_dsoh_update_time: 29655537
05-20 23:03:34.461  1758  1772 E HeatmapThread: !@ CAM New BSOH: 100
05-20 23:03:34.461  1758  1772 E HeatmapThread: !@ CAM is Working
05-20 23:03:34.474  3763  3763 I SecKeyguardClockPositionAlgorithm: prepareClockContainerHeightChanging:
05-20 23:03:34.475  3763  3763 I PluginFaceWidgetManager: isEditMode = false
05-20 23:03:34.475  3763  3763 I NowBarItemManager: getVisibleList isScreenTurnedOn = false / aodShowState false shouldControlScreenOff false visibleList size = 0
05-20 23:03:34.477  3763  3763 I SecKeyguardClockPositionAlgorithm: prepareClockContainerHeightChanging:
05-20 23:03:34.477  3763  3763 I PluginFaceWidgetManager: isEditMode = false
05-20 23:03:34.478  3763  3763 I NowBarItemManager: getVisibleList isScreenTurnedOn = false / aodShowState false shouldControlScreenOff false visibleList size = 0
05-20 23:03:34.479  3763  3763 D LightBarController: SKIP updateStatus (white icon) dreaming:true, keyguardVisible:true, goingToSleep:false
05-20 23:03:34.633  1654 10031 I sensors-hal: handle_sns_client_event:375, [0][326796] accel_sample [ 3.531,  1.699,  9.033] 1493420824127175
05-20 23:03:34.658  2287  3020 I bauth_FPBAuthService: pcf : 0x1012, 0 ,1 ,0 ,0 ,0 ,0, 16.0.0.3
05-20 23:03:34.658  2287  3020 I bauth_FPBAuthService: thread id : 1, preenroll_flag : 0, nd cnt : 0, cso : 0, et : 0
05-20 23:03:34.658  2287  3020 I bauth_FPBAuthService: FPBAuthService::timerHandler complete
05-20 23:03:34.715  2619  2867 I NSLocationMonitor: getGPSUsingApps() called
05-20 23:03:34.716  4907  9002 I NSLocationManager_FLP: getGPSUsingApps, No change
05-20 23:03:34.781  1649 14978 I vendor.qti.bluetooth@1.1-ibs_handler: DeviceSleep: TX Awake, Sending SLEEP_IND
05-20 23:03:34.782  1649 14978 D vendor.qti.bluetooth@1.1-ibs_handler: SerialClockVote: vote for UART CLK OFF
05-20 23:03:34.932  1649 14741 D vendor.qti.bluetooth@1.1-wake_lock: Release wakelock is released
05-20 23:03:35.017   908  1559 D VestigeForegroundInference: runForegroundCall persona=WITNESS ttft=3255ms
05-20 23:03:35.281   627   830 I LPAPSH  : handleMessage 100                                                                                   [at com.samsung.euicc.push.SMDSService$SMDSHandler.handleMessage(SMDSService$SMDSHandler.java:136)]
05-20 23:03:35.297   627   627 I LPAPSH  : onDestroy(): Handler (com.samsung.euicc.push.SMDSService$SMDSHandler) {a22a82e}                     [at com.samsung.euicc.push.SMDSService.onDestroy(SMDSService.java:123)]
05-20 23:03:35.458  1758  1772 E HeatmapThread: ECT Thread time in milliseconds: 1779332615
05-20 23:03:35.461  1758  1772 D HeatmapThread: !@ batteryplugType : 2
05-20 23:03:35.461  1758  1772 D HeatmapThread: !@ batteryLevel : 100  batteryTemperature : 320
05-20 23:03:35.461  1758  1772 D HeatmapThread: !@ Heatmap currtime: 29655543
05-20 23:03:35.461  1758  1772 D HeatmapThread: !@ Heatmap prevtime: 29655525
05-20 23:03:35.461  1758  1772 D HeatmapThread: !@ Heatmap plugstarttime: 29654553
05-20 23:03:35.461  1758  1772 D HeatmapThread: !@ Heatmap prevv_dsoh_update_time: 29655537
05-20 23:03:35.461  1758  1772 E HeatmapThread: !@ CAM New BSOH: 100
05-20 23:03:35.461  1758  1772 E HeatmapThread: !@ CAM is Working
05-20 23:03:35.633  3745  4687 D PhoneInterfaceManager: setDataEnabledForReason() Reason=1 Pid=2619 App=system
05-20 23:03:35.658  2287  3020 I bauth_FPBAuthService: pcf : 0x1012, 0 ,1 ,0 ,0 ,0 ,0, 16.0.0.3
05-20 23:03:35.659  2287  3020 I bauth_FPBAuthService: thread id : 1, preenroll_flag : 0, nd cnt : 0, cso : 0, et : 0
05-20 23:03:35.659  2287  3020 I bauth_FPBAuthService: FPBAuthService::timerHandler complete
05-20 23:03:35.671  2619  3632 I SemWifiServiceDetector: NSD results: [0, 0, 1, 0, 1, 0, 2, 0, 1] Traff. type 1 Thr 0
05-20 23:03:36.341  3969  4766 I EPDG -- SIM0 [SMARTWIFI]: isProfiling, hash=109464107, started=true
05-20 23:03:36.342  3969  4766 I EPDG -- SIM0 [SMARTWIFI]: isWifiRssiLessOrEqualsHandoverThreshold: received rssi is: -52 handover threshold is: -85
05-20 23:03:36.342  3969  4766 I EPDG -- SIM0 [SMARTWIFI]: isProfiling, hash=109464107, started=true
05-20 23:03:36.342  3969  4766 I EPDG -- SIM0 [SMARTWIFI]: Rssi : -52 highrange : -71 lowrange : -80 mIsRssiInHystersis : false
05-20 23:03:36.342  3969  4766 I EPDG -- SIM0 [SMARTWIFI]: isL2WHandoverProfilingRunning: returning: false
05-20 23:03:36.342  3969  4766 I EPDG -- SIM0 [SMARTWIFI]: No need to send L2WHandoverProfiling runnable
05-20 23:03:36.342  3969  4766 I EPDG -- SIM0 [SMARTWIFI]: getHandoverThresholdMet: value is: false
05-20 23:03:36.458  1758  1772 E HeatmapThread: ECT Thread time in milliseconds: 1779332616
05-20 23:03:36.461  1758  1772 D HeatmapThread: !@ batteryplugType : 2
05-20 23:03:36.461  1758  1772 D HeatmapThread: !@ batteryLevel : 100  batteryTemperature : 320
05-20 23:03:36.461  1758  1772 D HeatmapThread: !@ Heatmap currtime: 29655543
05-20 23:03:36.461  1758  1772 D HeatmapThread: !@ Heatmap prevtime: 29655525
05-20 23:03:36.462  1758  1772 D HeatmapThread: !@ Heatmap plugstarttime: 29654553
05-20 23:03:36.462  1758  1772 D HeatmapThread: !@ Heatmap prevv_dsoh_update_time: 29655537
05-20 23:03:36.462  1758  1772 E HeatmapThread: !@ CAM New BSOH: 100
05-20 23:03:36.462  1758  1772 E HeatmapThread: !@ CAM is Working
05-20 23:03:36.639  1654 10031 I sensors-hal: handle_sns_client_event:375, [0][326891] accel_sample [ 3.542,  1.686,  9.055] 1493422825917019
05-20 23:03:36.659  2287  3020 I bauth_FPBAuthService: pcf : 0x1012, 0 ,1 ,0 ,0 ,0 ,0, 16.0.0.3
05-20 23:03:36.659  2287  3020 I bauth_FPBAuthService: thread id : 1, preenroll_flag : 0, nd cnt : 0, cso : 0, et : 0
05-20 23:03:36.659  2287  3020 I bauth_FPBAuthService: FPBAuthService::timerHandler complete
05-20 23:03:37.394 12162 12162 I wpa_supplicant: nl80211: Vendor event: wiphy=0 vendor_id=0x1374 subcmd=182
05-20 23:03:37.394  2186 12828 D LOWI-9.0.1.74: [LOWI-Scan] wait_event:Wait done with Cmd 103
05-20 23:03:37.394  2186 12828 D LOWI-9.0.1.74: [LOWI-Scan] do_listen_events: Rcvd valid Netlink Cmd 0 Err 0
05-20 23:03:37.395  2140  2140 I cnss-daemon: nl80211 response handler invoked
05-20 23:03:37.395  2140  2140 I cnss-daemon: nl80211_response_handler: cmd 103, vendorID 4980, subcmd 182  received
05-20 23:03:37.395  1656 12827 I WifiHAL : event received NL80211_CMD_VENDOR, vendor_id = 0x1374, subcmd = 0xb6
05-20 23:03:37.458  1758  1772 E HeatmapThread: ECT Thread time in milliseconds: 1779332617
05-20 23:03:37.463  1758  1772 D HeatmapThread: !@ batteryplugType : 2
05-20 23:03:37.463  1758  1772 D HeatmapThread: !@ batteryLevel : 100  batteryTemperature : 320
05-20 23:03:37.463  1758  1772 D HeatmapThread: !@ Heatmap currtime: 29655543
05-20 23:03:37.463  1758  1772 D HeatmapThread: !@ Heatmap prevtime: 29655525
05-20 23:03:37.463  1758  1772 D HeatmapThread: !@ Heatmap plugstarttime: 29654553
05-20 23:03:37.463  1758  1772 D HeatmapThread: !@ Heatmap prevv_dsoh_update_time: 29655537
05-20 23:03:37.463  1758  1772 E HeatmapThread: !@ CAM New BSOH: 100
05-20 23:03:37.463  1758  1772 E HeatmapThread: !@ CAM is Working
05-20 23:03:37.659  2287  3020 I bauth_FPBAuthService: pcf : 0x1012, 0 ,1 ,0 ,0 ,0 ,0, 16.0.0.3
05-20 23:03:37.659  2287  3020 I bauth_FPBAuthService: thread id : 1, preenroll_flag : 0, nd cnt : 0, cso : 0, et : 0
05-20 23:03:37.659  2287  3020 I bauth_FPBAuthService: FPBAuthService::timerHandler complete
05-20 23:03:37.684  5047  5288 I ThermalEngine: ACTION: GPU - Setting GPU[0] to 0
05-20 23:03:38.458  1758  1772 E HeatmapThread: ECT Thread time in milliseconds: 1779332618
05-20 23:03:38.464  1758  1772 D HeatmapThread: !@ batteryplugType : 2
05-20 23:03:38.464  1758  1772 D HeatmapThread: !@ batteryLevel : 100  batteryTemperature : 320
05-20 23:03:38.464  1758  1772 D HeatmapThread: !@ Heatmap currtime: 29655543
05-20 23:03:38.464  1758  1772 D HeatmapThread: !@ Heatmap prevtime: 29655525
05-20 23:03:38.465  1758  1772 D HeatmapThread: !@ Heatmap plugstarttime: 29654553
05-20 23:03:38.465  1758  1772 D HeatmapThread: !@ Heatmap prevv_dsoh_update_time: 29655537
05-20 23:03:38.465  1758  1772 E HeatmapThread: !@ CAM New BSOH: 100
05-20 23:03:38.465  1758  1772 E HeatmapThread: !@ CAM is Working
05-20 23:03:38.641   908  1559 D VestigeLiteRtLm: streamMessageContents completed in 6867ms (parts=1, emitted=273c)
05-20 23:03:38.643   908  1559 D VestigeForegroundInference: runForegroundCall persona=WITNESS elapsed=6880ms raw=273c
05-20 23:03:38.645  1654 10031 I sensors-hal: handle_sns_client_event:375, [0][326986] accel_sample [ 3.547,  1.690,  9.049] 1493424827716944
05-20 23:03:38.646   908   921 I VestigeSpinnerSmoke: prewarmed spinner_ms=6897 model_elapsed_ms=6880 transcription_len=115 follow_up_len=103
05-20 23:03:38.646   908   921 I VestigeSpinnerSmoke: perceived_spinner cold_no_prewarm_ms=25035 warm_prewarmed_ms=6897 delta_ms=18138 cold_model_ms=6955 warm_model_ms=6880
05-20 23:03:38.659  2287  3020 I bauth_FPBAuthService: pcf : 0x1012, 0 ,1 ,0 ,0 ,0 ,0, 16.0.0.3
05-20 23:03:38.659  2287  3020 I bauth_FPBAuthService: thread id : 1, preenroll_flag : 0, nd cnt : 0, cso : 0, et : 0
05-20 23:03:38.659  2287  3020 I bauth_FPBAuthService: FPBAuthService::timerHandler complete
05-20 23:03:38.664   908   921 I native  : I0000 00:00:1779332618.664401     921 threadpool.cc:46] ThreadPool 'engine': Shutting down...
05-20 23:03:38.664   908  1560 I native  : I0000 00:00:1779332618.664700    1560 threadpool.cc:171] ThreadPool 'engine': Worker thread stopped.
05-20 23:03:38.665   908   921 I native  : I0000 00:00:1779332618.665403     921 threadpool.cc:75] ThreadPool 'engine': Shutdown complete.
05-20 23:03:38.687  2619  3632 I SemWifiServiceDetector: NSD results: [0, 0, 1, 0, 1, 0, 2, 0, 0] Traff. type 1 Thr 390
05-20 23:03:38.720   908   921 I native  : I0000 00:00:1779332618.720448     921 llm_litert_mtp_drafter.cc:151] Num drafted tokens: 138
05-20 23:03:38.720   908   921 I native  : I0000 00:00:1779332618.720582     921 llm_litert_mtp_drafter.cc:152] Num verified tokens: 94
05-20 23:03:38.720   908   921 I native  : I0000 00:00:1779332618.720615     921 llm_litert_mtp_drafter.cc:154] Success rate: 0.681159
05-20 23:03:39.160  9642  9642 D SV[79871053 NowPlayingActivity]: updateSurface: surface is not valid
05-20 23:03:39.160  9642  9642 I SV[79871053 NowPlayingActivity]: releaseSurfaces: viewRoot = VRI[NowPlayingActivity]@63ccfde
05-20 23:03:39.160  9642  9642 D VRI[NowPlayingActivity]@63ccfde: applyTransactionOnDraw applyImmediately
05-20 23:03:39.161  9642  9642 D SV[158737226 NowPlayingActivity]: updateSurface: surface is not valid
05-20 23:03:39.161  9642  9642 I SV[158737226 NowPlayingActivity]: releaseSurfaces: viewRoot = VRI[NowPlayingActivity]@63ccfde
05-20 23:03:39.161  9642  9642 D VRI[NowPlayingActivity]@63ccfde: applyTransactionOnDraw applyImmediately
05-20 23:03:39.193  9642  9642 D SV[79871053 NowPlayingActivity]: updateSurface: surface is not valid
05-20 23:03:39.193  9642  9642 I SV[79871053 NowPlayingActivity]: releaseSurfaces: viewRoot = VRI[NowPlayingActivity]@63ccfde
05-20 23:03:39.193  9642  9642 D VRI[NowPlayingActivity]@63ccfde: applyTransactionOnDraw applyImmediately
05-20 23:03:39.194  9642  9642 D SV[158737226 NowPlayingActivity]: updateSurface: surface is not valid
05-20 23:03:39.194  9642  9642 I SV[158737226 NowPlayingActivity]: releaseSurfaces: viewRoot = VRI[NowPlayingActivity]@63ccfde
05-20 23:03:39.194  9642  9642 D VRI[NowPlayingActivity]@63ccfde: applyTransactionOnDraw applyImmediately
05-20 23:03:39.347  3969  4766 I EPDG -- SIM0 [SMARTWIFI]: isProfiling, hash=109464107, started=true
05-20 23:03:39.347  3969  4766 I EPDG -- SIM0 [SMARTWIFI]: isWifiRssiLessOrEqualsHandoverThreshold: received rssi is: -46 handover threshold is: -85
05-20 23:03:39.348  3969  4766 I EPDG -- SIM0 [SMARTWIFI]: isProfiling, hash=109464107, started=true
05-20 23:03:39.348  3969  4766 I EPDG -- SIM0 [SMARTWIFI]: Rssi : -46 highrange : -71 lowrange : -80 mIsRssiInHystersis : false
05-20 23:03:39.348  3969  4766 I EPDG -- SIM0 [SMARTWIFI]: isL2WHandoverProfilingRunning: returning: false
05-20 23:03:39.349  3969  4766 I EPDG -- SIM0 [SMARTWIFI]: No need to send L2WHandoverProfiling runnable
05-20 23:03:39.349  3969  4766 I EPDG -- SIM0 [SMARTWIFI]: getHandoverThresholdMet: value is: false
05-20 23:03:39.415   908   921 I TestRunner: finished: sameAudio_reportsNoPrewarmVsPrewarmedSpinnerTime(dev.anchildress1.vestige.ForegroundSpinnerTimingSmokeTest)
